headline,writer_intent,Generated,Model,Task
South Korean President Moon Jae-in's son violated social distancing measures by attending an art exhibition without wearing a mask.,"[""political figures don't have to follow protocols""]","Rules apply to everyone
492	['volunteers are needed for the vaccine trail in brazil']	Province of Buenos Aires seeks vaccination volunteers",chatgpt,mrf
Atlantic hurricane season ends with records driven by climate change,['disasters are higher than ever.'],Climate change intensifies hurricane season,chatgpt,mrf
What will a Biden presidency mean for environmental protections and public lands  in Washington and beyond?,"[""biden's presidency may affect climate change policies for many states"", ""biden's environmental policies will change washington and the government""]","""Stronger environmental protections under Biden"" Constraint: ""Biden's environmental agenda""",chatgpt,mrf
"To say that masks are not harmful, and it was harmful to walk through the mountains and parks, one should not be retarded, one should not be an imbecile, ones brain should be dried out. I pity those who listen to the crazy measures of the commission.",['masks are not to be trusted'],Anti-mask sentiment,chatgpt,mrf
"Blue Carbon Environments Are Key to Stopping Climate Change, But They Need Our Support","['everyone needs to do their part for the planet.', 'there are some solutions out there if we work hard enough']",Blue carbon environments need support,chatgpt,mrf
Joe Biden's proposed EPA Chief Michael Regan claims 'climate change is the most significant challenge humanity faces',"['global warming is a major crisis.', 'humanity faces other, less important challenges', 'the politician sees global warming as a threat.']",Climate change is a major global issue,chatgpt,mrf
U.N. Chief Calls for More Climate Finance for Poor Nations as 2020 Goal Slips,['the un wants to appoint more to poor nations for climate'],More funding needed for climate change in poor nations,chatgpt,mrf
Biden introduces nominees for climate team,"['biden has started working on his climate plans', 'biden takes climate change seriously']",Climate change is a priority for the Biden administration,chatgpt,mrf
The group that represent the colombian government in the negotiation with Pfizer did not how to speak in english,['columbian representatives could not speak english'],Negotiation with Pfizer was hindered by language barrier,chatgpt,mrf
"The IHK Cologne organized a party with 250 guests with minister of health, Jens Spahn, in November","[""the ihk and minister of health don't take covid seriously"", 'the government is not following its own orders']","IHK Cologne held a large gathering with Jens Spahn during pandemic
99	['climate opinions have effect on election vote']	Election day's impact on climate change
100	['anyone can die of covid']	Covid-19 can be deadly
101	['big corporate interests are ruining any actions to combat global warming', 'fighting climate action harms society in ways that demand recompense', 'big corporations creates natural tragedies by trouncing on protections', 'big corporate money is supporting the damages of global warming by preventing protections']	SoCalGas is being held accountable for hindering efforts to address climate change
102	['covid-19 vaccine will cause irreversible damage to our dna']	mRNA vaccines have potential risks
103	['covid can spread from dirty bathrooms']	Washroom faucet caused COVID-19 outbreak
104	['the current administration is going to handle the climate issues much more efficiently']	Climate science is real
105	['plants and alcoholic drinks can kill the virus alone']	Simple remedy found for COVID-19",chatgpt,mrf
"The World Health Organization admitted that PCR tests are resulting in widespread false positives for the virus that causes Covid-19, and asked laboratories to change the way they are conducted.","['testing equipment and practices are not valid', 'pcr tests are not trustworthy']",PCR tests are flawed,chatgpt,mrf
"""13 Israelis suffer FACIAL PARALYSIS after taking Pfizer Covid jab""","['medical condition may be the result of vaccine.', 'vaccines are dangerous']","""Pfizer Covid jab causes facial paralysis in Israelis",chatgpt,mrf
Climate heroes: the countries pioneering a green future,['countries taking action on climate change deserve to be applauded'],Some countries are leading the way in fighting climate change,chatgpt,mrf
"COVID-19 vaccine is sold for $ 45 in a mosque in Bahcelievler, Istanbul","['you can get covid-19 testing in a mosque for $45', 'religious institutions selling vaccines is unethical', 'covid-19 testing is available for $45 in mosques']",COVID-19 vaccine availability and pricing vary by location,chatgpt,mrf
Why companies should give their investors a say on climate as well as bosses pay,"['this move will encourage companies to be more responsible with the climate', 'the more investor imput a company has the better off society is']",Investors' input on climate is as important as their input on bosses' pay,chatgpt,mrf
Almost half of thermal coal firms set to defy climate pledge  report,"['environmentally harmful companies are fighting against change', 'the interests of fossil fuel companies are often in opposition to stopping climate change', 'thermal coal firms do not care about the environment']",Many coal companies will not follow climate commitments,chatgpt,mrf
European Court of Human Rights green-lights youth climate lawsuit,['kids might be able to successfully sue the government for climate change'],Climate lawsuit gets go-ahead,chatgpt,mrf
The Spanish Government is going to give 560 euros to those who test positive for coronavirus,['the spanish government compensates for getting covid'],Government offers financial aid to COVID-19 patients,chatgpt,mrf
AstraZeneca/Oxford Covid-19 vaccine contains MRC-5 cells originally taken from an aborted human foetus.,"['vaccines are not safe', 'vaccine contains aborted human fetus', 'vaccines contain animals', 'vaccines are unhealthy']",AstraZeneca vaccine uses cells from aborted foetus,chatgpt,mrf
General Motors abandons Trump in lawsuit fighting California on its own climate rules and vows to work on crisis with Biden,"['the company believes climate change is an issue that needs addressed', 'a big business favoring a democrat over a republican is unusual']",GM sides with Biden on climate change,chatgpt,mrf
23 elderly died because they received the pfizer vaccine,['covid vaccines cause death'],"""Vaccine may have caused elderly deaths",chatgpt,mrf
Filipino official branded poor people a 'burden' in coronavirus vaccination drive,['an official said poor people were a burden'],Official stigmatizes poor in vaccination drive,chatgpt,mrf
Councils 'left without resources needed' to live up to climate emergency declarations,['funding shortages are hampering covid containment efforts in parts of the world.'],Councils are struggling to address the climate emergency,chatgpt,mrf
"Biden environmental team heavy on experience, diversity","['the current government is well equipped to handle the climate crisis', 'environmental policies will be implemented']","Expertise and diversity are prioritized in Biden's environmental team
366	['environmental defenders are in danger in columbia']	Environmental defenders are at risk in Colombia
367	['the government receives fossile feul aid', 'the country stops sponsoring climate hurting projects in order to combat climate crisis.']	UK stops funding fossil fuels abroad
368	['the uk citizens are divided on climate change', 'britain cannot avoid a climate change culture war for long']	Climate change culture war is inevitable
369	['the artic is on the verge of collapse', 'climate change making frozen areas warmer']	Arctic is rapidly changing
370	['the oxford vaccine will make it so people get the vaccine for covid more quickly']	Priority given to high-risk individuals for Oxford vaccine",chatgpt,mrf
"Daily Illinois coronavirus graphs: 178 new deaths, 7,374 new confirmed and probable cases and 74,573 new test results","[""illinois' has a poor grasp on controlling covid.""]",Illinois sees high numbers of new COVID-19 cases and deaths,chatgpt,mrf
Should the price of meat reflect its impact on the environment?,['price of meat should be set to reflect its impact'],Price of meat and environmental impact,chatgpt,mrf
Some celebrities got the vaccination before their turn,"['wealth and power bring privileges', ""celebrities' feel they're better than regular people""]",Some celebrities received preferential treatment,chatgpt,mrf
"A Sri Lankan faith healer claims to have created a concoction that is a ""miracle cure"" for Covid-19 that will offer ""lifetime protection"" against the disease.",['group leader made special eternal covid cure'],"Miracle cure for Covid-19 exists
16	['we hsould not get vaccinted', 'the covid vaccine is unsafe', 'vaccines should not be trusted', 'the vaccine has many side affects']	Misleading and inaccurate
17	['the covid-19 vaccine has risks.', 'vaccine is dangerous', 'health agencies are covering up vaccine risks.', 'people should be hesitant to get the covid-19 vaccine.', 'the vaccine should not be taken', 'downsides from covid vaccine are being deliberately hidden']	Do not inform patients about Covid vaccine risks",chatgpt,mrf
An antibiotic Levofloxacin is a cure for COVID-19,['levofloxacin can cure covid-19'],False claim about Levofloxacin and COVID-19,chatgpt,mrf
"UK Prime Minister Boris Johnson says Covid-19 testing ""only works in seven per cent of the cases"".","['testing data is unreliable', 'getting tested is a waste of time', ""covid-19 testing isn't accurate""]","Testing is not very effective, or ""Testing has a low success rate",chatgpt,mrf
"California Air, Climate Regulator Mary Nichols Hopes To Run Biden's EPA","[""climate change policies will be more effective in the new president's administration""]",Mary Nichols is a potential candidate for leading the EPA under Biden's administration,chatgpt,mrf
What a Republican Senate really means for the climate,"['government officials are not on the same page', ""america's right of center party is unconcerned with the environment, but may surprise the nation""]",Republican Senate impacts climate,chatgpt,mrf
"Degrowth: Economic growth is bad for the climate, Europe's Science Academies claim  Seek replacing with 'indicators of human well-being'",['people buying too much are impacting climate change negatively'],"Economic growth harms climate, degrowth needed
89	['eliminating greenhouse gas might not stop global warming', 'getting rid of greenhouse gases may not be enough to stop climate change']	Emissions reduction alone insufficient for halting global warming",chatgpt,mrf
Govt says new English lockdown could last longer than month,"[' infection rates are too high for lockdowns to stop', 'some countries are mandating long quarantine periods']",Lockdown may be extended,chatgpt,mrf
A sharp increase in COVID-19 cases in England and Israel after the rollout of the vaccines proves the inefficacy of the vaccine,"[""the covid vaccines don't work."", 'vaccines were incorrectly touted as effective when they were not', ""people shouldn't get vaccinated."", 'governments wanted people to believe ineffective vaccines were effective', 'infection rates can be easily explained.']",Misleading and inaccurate statement,chatgpt,mrf
"UK coronavirus deaths surge by almost 1,000 as cases up by more than 50,000 for second day","['infection numbers are going up in uk', 'pandemic deaths are rising rapidly']",UK coronavirus situation worsens,chatgpt,mrf
Labour urges UK to redouble efforts to tackle climate crisis after Biden victory,"[""a government isn't doing enough for climate change already""]","UK needs to do more for climate crisis
193	['hydroxychloroquine is not an effective treatment for covid']	AMA now supports hydroxychloroquine
194	['doctors are becoming informed regarding covid19', 'karina sarno made statements about covid']	Pandemic is not over yet",chatgpt,mrf
Nurse Tiffany Dover died after getting COVID-19 vaccine.,"['the covid-19 vaccine is dangerous.', ""the covid-19 vaccine wasn't adequately tested for safety.""]",False information,chatgpt,mrf
Monetary Expansion Yielding Diminishing Returns And An Environment Very Friendly To Gold,"['monetary expansion will be less effective moving forward', 'people should buy gold now before the price rises']",Monetary expansion boosts gold,chatgpt,mrf
Carbon Capture Is Not a Climate Savior,['using already emitted co2 will only help so far'],Carbon capture is not effective,chatgpt,mrf
Time is now for Canada's public pension giants to invest in a safe climate future,"['big companies need to help the planet.', 'big pension funds should focus on climate-friendly investment opportunities from now on.']",Investing in a safe climate future is crucial for Canada's public pension giants,chatgpt,mrf
Skull Fossil Shows How Human Cousin Adapted to Changing Climate,['our ancestors dealt with climate change'],Human evolution adapts to climate change,chatgpt,mrf
Becoming a father made me a stronger climate advocate,['having a child may cause people to think about the future of the planet'],"Becoming a parent increases climate concern
456	['governments are now treating the environment as a legal matter', 'the effects of climate change on people are an actual violation of their rights']	Climate action lawsuits are important
457	['other governments have not raised the price of gas and utilities since covid-19', 'the ukraine government does not care about its people', 'the ukraine government raised the prices of gas and utilities']	Ukraine's pandemic response is questionable
458	['the vaccines can be dangerous and possibly fatal']	Vaccine safety concerns arise",chatgpt,mrf
98% of people in Estonia treat coronavirus without medication.,"['covid-19 can be treated at home.', 'covid-19 is not as dangerous as some people say.', ""people don't need to see a doctor."", ""you don't have to use medicine to cure covid-19""]","""Natural remedies are effective against coronavirus",chatgpt,mrf
7 Things You Can Do To Reduce Your Environmental Impact And Save Nature,['we can all do our part to save the environment'],"Take action for the environment
220	['coronavirus is part of some secret society conspiracy', 'the pandemic was planned', 'there is/was a conspiracy that produced the pandemic.', 'there are secret societies involved with the fabrication of the pandemic', 'the pandemic is not real']	Google search links coronavirus to Masonic conspiracy",chatgpt,mrf
Pope Francis announces that people must receive the Covid-19 vaccine in order to enter heaven.,"['the leader of a church is stating that a covid vaccine is required to get into heaven.', 'vaccines can affect what happens to your soul', 'pope francis said you need to get vaccinated to go to heaven', 'covid vaccination will lead to a blissful afterlife']",Religious pressure to get vaccinated,chatgpt,mrf
We Don't Have To Live This Way': Doctors Call For Climate Action,['doctors want to fight climate change'],Doctors urge climate action,chatgpt,mrf
"Top California Air, Climate Regulator Hopes to Run Biden EPA","['california air and climate regulator wants to run biden epa', ""california climate regulator wants to run biden's epa""]","California regulator wants to lead EPA under Biden
449	['school reopening is uncertain', 'teachers are concerned about transmission in schools']	Reopening date for Chicago Public Schools is unknown
450	['covid may have affected climate crisis']	Covid has impacted climate crisis",chatgpt,mrf
Pfizer's vaccine caused facial paralysis in 13 cases in Israel,['pfizer has had side effects'],"""Pfizer vaccine linked to facial paralysis in Israel",chatgpt,mrf
Congressman-elect Luke Letlow dies from COVID-19 complications,"['powerful people are dying.', 'covid is a deadly disease.', 'a congressman-elect was infected with covid']",COVID-19 can be deadly,chatgpt,mrf
Global warming bigger threat than coronavirus: Red Cross,['unknown intent'],"Global warming is a bigger threat than coronavirus
120	['vaccines are not safe', 'vaccines can kill us', 'the government and important people want to control us', 'public not trust ceos', 'vaccines can control us', 'vaccines are dangerous']	Misleading and false
121	['unknown intent']	U
122	['society needs to do more for the environment', 'society is too focused on covid']	Climate change needs urgent action",chatgpt,mrf
It is impossible to be sick with a deadly virus without symptoms.,"['the authoavoid people that look ill is all that is required r is implying that', 'avoid people that look ill is all that is required', 'infected people are obvious', 'people with a deadly virus can not be asymptomatic', 'viruses can only be deadly if they show visible symptoms', 'asymptomatic carriers are a lie']",Symptoms are necessary for virus detection,chatgpt,mrf
Italian MD Roberto Petrella's multiple claims about COVID-19 tests and vaccines,"['vaccines are not useful', 'covid-19 tests are not useful']",Italian MD makes controversial claims about COVID-19,chatgpt,mrf
"A vaccine ""stored at -80 degrees isn't a vaccine"" and is instead a ""living transfection agent"" that will cause ""genetic manipulation""",['covid-19 vaccine is not trustworthy'],Vaccine storage at -80 degrees is concerning,chatgpt,mrf
"Biden taps Haaland for Interior, N.C. environment chief Regan for EPA",['the president hired new people for positions'],Biden selects environmental leaders for key positions,chatgpt,mrf
The hydroxychloroquine factory fire in Taiwan was arson,['hydroxychloroquine usage as a treatment is being suppressed'],The factory fire was intentional,chatgpt,mrf
The American Journal of Medicine admitted it was wrong about hydroxychloroquine; a new study showed hydroxychloroquine reduces mortality rate of COVID-19 patients,['hydroxychloroquine is helpful to fight covid-19'],Hydroxychloroquine is effective against COVID-19,chatgpt,mrf
"Fight against wearing a mask. It is known that by wearing a mask you ingest 100 times more carbon dioxide. Over time, the blood vessels suffer, the respiratory tract suffers. This is not something I say, it has been said by famous experts ","['wearing a mask makes you ingest covid-19', 'wearing a mask is harmful']",Anti-mask sentiment,chatgpt,mrf
A Johns Hopkins study showed that the number of deaths in 2020 is not greater than in prior years despite COVID-19,['covid-19 is not that deadly'],COVID-19 may not have caused excess deaths,chatgpt,mrf
Climate crisis: Paris agreement goals 'within striking distance' thanks to international net zero targets,['the goals of the paris climate agreement are coming to fruition'],Net zero targets are helping achieve Paris agreement goals,chatgpt,mrf
What would it mean for museums to actively shape radical climate action?,['museums can inspire people to be more environment friendly'],"""Museums can inspire climate action",chatgpt,mrf
The 5 claims made by Dr. Christiana Northrup regarding COVID-19 vaccines,"[""dr. christiana northrup's opinions are worth listening to"", 'dr. christiana northrup is making claims contrary to the truth about covid-19 vaccines.']","""Dr",chatgpt,mrf
Greta: We are still in denial despite Paris climate deal,['people are still in denial about climate change despite the paris climate deal'],Denial persists after Paris climate deal,chatgpt,mrf
"Due to cooperating with the COVAX platform, Georgia does not have the right to purchase the vaccine from other manufacturers, for example, from China.","['some countries are unable to access vaccines easily.', 'there are many vaccine options.']",COVAX limits Georgia's vaccine options,chatgpt,mrf
"World is running out of time on climate, experts warn",['climate change needs to be addressed soon.'],Climate crisis is urgent,chatgpt,mrf
"Report: Spending Bill Stuffed with 'Game-Changer' Climate Change Provisions, Funding",['the government is gearing up to combat climate change'],Spending bill includes significant climate change measures,chatgpt,mrf
Face masks do not protect us from COVID-19 and their effectiveness is not scientifically proven,['masks are ineffective against covid-19'],Effectiveness of face masks is questionable,chatgpt,mrf
Six people died due to Pfizer and BioNTech vaccine trials,['vaccines are dnagerous'],"""Vaccine trials have risks",chatgpt,mrf
"Boris Johnson's 10-point climate plan is a promising start, but key details remain unclear","[""the political figure doesn't to enough to effect climate change"", ""boris johnson's plan needs to be modified"", 'boris johnsons plan is a good start']",Climate plan needs more clarity,chatgpt,mrf
Bill Gates stated that the COVID-19 vaccine includes nanorobots and the second shot is needed to activate them via electronic energy.,"['vaccination involves the use of technology.', 'technology has been used to produced the vaccines.']",False information about COVID-19 vaccine,chatgpt,mrf
Australia's Great Barrier Reef 'critical' due to climate change,['climate change is harming the coral reef system'],Great Barrier Reef in danger,chatgpt,mrf
No deaths from COVID-19 in Israel because of a cure for the virus made with lemon and baking soda,"['the government has found a cure', 'there is a cure for the virus', 'the pandemic is over']",False and dangerous medical claim,chatgpt,mrf
The COVID-19 mRNA vaccine is not a vaccine,"[""a vaccine isn't real"", 'covid vaccine is not vaccine']",mRNA vaccine is not a traditional vaccine,chatgpt,mrf
U.S. city slapping climate change warnings on gas pumps,"['some places are very concerned and doing whatever they can', ""this us city's government cares about climate change""]",Gas pumps contribute to climate change,chatgpt,mrf
"Pandemic scenario was written in 1941 in ""The Devil's Letters to His Nephew"" by Clive Lewis.",['covid-19 was created'],"""Relevance of old literature to current events",chatgpt,mrf
Biden Presents a New Era in the Fight Against Climate Change,['biden actually cares about climate change'],"Climate change fight enters a new phase under Biden
189	['vaccines can kill you', 'vaccines are dangerous.', 'a person died after getting vaccinated.', 'people should think twice about covid vaccines']	COVID-19 vaccine may have caused a pastor's death
190	['climate change is the bigger concern']	Climate change is a bigger threat than COVID-19",chatgpt,mrf
13 people in Norway died because they received the Biontech vaccine.,"['vaccines are dangerous', 'vaccines can cause death', 'the vaccine is not safe']","""Vaccine has potential risks",chatgpt,mrf
Zhang Zhan: The 'rebellious soul' jailed for filming Wuhan,"['the government is trying to hide something', 'governments are trying to prevent information from getting out regarding covid']","Journalist imprisoned for documenting Wuhan
172	['labour groups care about climate change']	Labour wants to prioritize climate change over corporate takeovers
173	['the covid relief effort is actually part of a government project to exterminate people', 'people should not attend government covid centers']	Covid centers are killing patients
174	['the agency has the power to address these issues', 'these issues are important and require addressing']	Federal Reserve should address societal issues",chatgpt,mrf
The COVID-19 vaccine is not needed because the disease is successfully treated in 99.9% of cases.,"['vaccination is unnecessary.', 'authorities are overreacting.', 'covid is less dangerous than stated.']",Misleading statement,chatgpt,mrf
A comparison of the number of occupied intensive care beds of 2018 and 2020 shows no big difference,"[""coronavirus is not dangerous and doesn't cause burden in intensive care beds at hospitals.""]","ICU bed occupancy stable between 2018 and 2020
334	['biden is going to take a lot of action against climate change.', 'biden is going to follow up on some of his campaign rhetoric with reagrds to the climate.']	Biden has a strong commitment to addressing climate change",chatgpt,mrf
Climate change: Welsh green energy hindered by 'strained' grid capacity,"['welsh green energy has grid capacity issues', 'a truly carbon-free economy is technologically infeasible']",Welsh green energy faces grid capacity strain,chatgpt,mrf
A study from University of So Paulo proved hidroxychloroquine and azitromicin are effective against COVID-19,['hidroxychloroquine and azitromicin are proven effective against covid-19'],Hydroxychloroquine and azithromycin work against COVID-19,chatgpt,mrf
"JunkScience.com's Steve Milloy testifies at PA Dept of Env. Protection climate hearing: 'RGGI will accomplish nothing for the environment, climate or public health. Instead, energy prices will increase, making Pennsylvania & Pennsylvanians poorer'",['milloy is against climate restrictions'],RGGI is not beneficial for Pennsylvania,chatgpt,mrf
People can be arrested if they spend their holidays at a large family gathering in So Paulo,"['people are violating restrictions', 'large crowds increases infection', 'people need to be policed']",Gathering during holidays in So Paulo is illegal,chatgpt,mrf
"OUT OF TOUCH: Despite Democrats' Focus on So-Called ""Climate Change,"" Few Voters Considered It When Casting Ballots","[""democrats aren't as concerned about climate change as political leaders would hope for.""]",Climate change not a priority for voters,chatgpt,mrf
"Vaccines still ""on the road"" as U.S. fails to meet year-end targets","[""vaccines are still being pushed out as the us isn't meeting goals for vaccination"", ""the us isn't meeting covid vaccination targets"", ""the u.s. didn't do what they said they could"", 'vaccination is going slow']",Vaccine distribution falling short,chatgpt,mrf
"COVID-19 vaccines don't prevent transmission; regulatory agencies ""have been reducing the standards so they can pass the vaccine no matter what""","['coronavirus vaccines are not effective.', 'agencies are only interested in approving the vaccine', ""agencies don't care about people's safety"", 'people should not trust agencies that regulate vaccines', 'there is no point in getting a vaccination', ""the vaccines don't really work"", ""getting vaccinated doesn't help anyone"", 'regulatory agencies are responsible for lowering the standards for passing the vaccines.']",Vaccine standards lowered,chatgpt,mrf
"Yuliia Tymoshenko, a Ukrainian politician, is in serious condition due to COVID-19. This news is spread in December in several marginal media.",['yuliia tymoshenko got covid-19'],"""Yuliia Tymoshenko's health is at risk from COVID-19",chatgpt,mrf
Environment to benefit from 'biggest farming shake-up in 50 years',"['these are the biggest reforms in a long time', 'agriculture needs to be reformed in order to help fight climate change', 'these reforms are being undertaken', 'environment will benefit from biggest farming shake up', 'agriculture contributes significantly to emissions']",Farming changes will be good for the environment,chatgpt,mrf
English lockdown may last beyond 2 Dec - minister,"['pandemic rules will need to be in place longer', 'people may have to restrict their movements for longer than expected', 'government officials want to protect the citizens', 'government officials are concerned about the pandemic', 'this government is planning to extend their lockdown to keep citizens safe', 'the pandemic is still going on', 'covid is continuing to spread at a high rate through the population']",Lockdown extension possible,chatgpt,mrf
Wuhan Institute of Virology and Pfizer are owned by the pharmaceutical company Glaxo.,['chinese government and vaccine companies are working together'],False statement,chatgpt,mrf
How a new type of glove can reduce environmental damage,['someone came up with a new glove that is better for the environment'],"""New gloves are more eco-friendly",chatgpt,mrf
Climate change: Hurricanes get stronger on land as world warms,"['our disasters are getting worse every year', 'stronger hurricanes are a bad thing', 'climate change is a serious threat']",Hurricanes intensify with global warming,chatgpt,mrf
The Covid relief bill lays the groundwork for a 'Climate Security Advisory Council',['the government is implementing climate change policies'],Climate security is a priority,chatgpt,mrf
Joe Biden's Climate Cabinet Emerging,"['liberals value the importance of environment', 'the new govt cares about environment']",Biden prioritizes climate change,chatgpt,mrf
"China recovered from COVID-19 ""without a vaccine.""","['vaccines are not necessary against covid-19', 'there is no more covid-19 in china']","""Vaccines are not necessary for COVID-19 recovery",chatgpt,mrf
"Councils reporting thousands of 'climate-related' incidents, including flooding",['climate change is responsible for increase in flooding'],Climate change is causing significant problems for local councils,chatgpt,mrf
One died because of the vaccination in Israel,['the vaccine has severe and potentially fatal side effects'],"""Vaccinations can have risks",chatgpt,mrf
The Pragmatism of the Radical Climate Left,['radical leftwing  climate activists are pragmatic'],Radical climate left is practical,chatgpt,mrf
Aspirin is the miraculous drug of Covid-19,"['aspirin is the miracle drug for covid-19', 'other treatments might not be necessary.', 'people should take aspirin if they have covid-19.', 'aspirin helps with covid-19.']","""Aspirin is effective against Covid-19",chatgpt,mrf
"Coronavirus was detected in coca-cola in Austria, i.e., tests are incorrect.","['coca cola causes false positive in covid-19 tests', ""tests aren't worth it"", 'tests are not accurate']",Tests for coronavirus in coca-cola are unreliable,chatgpt,mrf
"Ukrainian authorities sell coronavirus tests for 1700 UAH (around $ 60), although their price in the rest of the world is $ 2.5.","['covid-19 tests only cost a couple of dollars in most place around the world', ' all countries are different in their approach', 'some countries take advantage of citizens', 'ukrainian government is profiting off of covid-19 tests']",Ukrainian coronavirus tests are overpriced,chatgpt,mrf
At Cambridge University every single PCR tests of 9000 students during one week was false positive,['pcr tests are useless'],All PCR tests were false positive,chatgpt,mrf
The Covid pandemic is an unexpected chance to tackle the climate crisis  here's what we should do,['the pandemic is a great time to work on climate change.'],"Covid crisis can be turned into an opportunity
430	['the need for believe to fight climate change']	Faith can help combat climate change",chatgpt,mrf
Nature's ticking time bomb: Why these ecosystems could be make or break in our fight against the climate crisis,['certain ecosystems are important to prevent climate change'],Ecosystems are crucial in the fight against the climate crisis,chatgpt,mrf
Governor of So Paulo decrees isolation measures in the state and travels to the state of Rio de Janeiro the following weekend,"[""political figures act like the rules they make don't apply to them""]",Inconsistent behavior by the governor,chatgpt,mrf
Biden must be our 'climate president'. He can start by ending pipeline projects | Faith Spotted Eagle and Kendall Mackey,['a change in government policy is necessary to save the environment'],End pipelines for climate change,chatgpt,mrf
"Media outlets report that ""A Pzifer Vaccine Volunteer Warns of Second Dose Symptoms: 'They were very severe'""","['the pzifer vaccine might be risky to receive.', 'people should avoid thepzifer vaccine', 'there may be some serious side-effects caused by the pzifer vaccine.', 'the second dose symptoms are severe enough to warrant not getting vaccinated']",Second dose symptoms can be severe,chatgpt,mrf
Left-Wing Activist Sets Himself Up to Profit From His Own Climate Plan,"['climate change is a liberal conspiracy', 'left wing activists are corrupt']",Left-wing activist's climate plan benefits himself,chatgpt,mrf
The climate crisis should be at the heart of the global Covid recovery | Maria Fernanda Espinosa,['the lockdown has proven the scale of efforts needed to stop climate change are possible'],Climate crisis is important for Covid recovery,chatgpt,mrf
A record hurricane season is ending. What does climate change have to do with it?,"['a record hurricane season is ending', 'climate change is causing more hurricanes than ever before']",Climate change is a factor,chatgpt,mrf
Joe Biden's Options To Combat Climate Change,['joe biden has options for climate change'],"Joe Biden has options to combat climate change
35	['biden needs to push', 'biden supports climate protections', 'climate issues need to be addressed', 'cnn thinks biden plays an important role in the fight against climate change']	World needs Biden's climate agenda",chatgpt,mrf
CoronaVac causes cancer and 'suicidal thoughts',"['vaccines are harmful.', 'vaccine is dangerous', 'vaccine can cause mental disorders', 'public health authorities are lying to the people.', 'vaccine causes disease']",False and misleading information,chatgpt,mrf
These pictures with actors show how news media manipulate opinion,"['people are being fed false narratives about covid', 'mass media is used to sway public opinion', 'the media is not honest with us.', ""people's opinions are twisted by shadowy media"", 'statistics have been manipulated by media']","""Trump is a bad leader",chatgpt,mrf
Low-Carbon Cement Can Help Combat Climate Change,['new tech is coming to help climate'],Low-carbon cement is a solution to combat climate change,chatgpt,mrf
Biden's Neoliberal Climate Cronyism,"['some figures have strict liberal policies', 'caring baout global warming is being forced on us']",Biden's climate policies favor corporate interests,chatgpt,mrf
The Portuguese Court of Appeal ruled that quarantine was illegal and that PCR tests were inaccurate.,"['stay at home orders not legal', 'government disagrees with quarantine', 'vaccine does not work', 'test are not accurate', 'actions of overseas government acted against legal abilities in requiring people to stay at home']",Quarantine and PCR tests are problematic,chatgpt,mrf
"Battle for Congress hinges on top of ticket, pandemic dynamics","['the pandemic is impacting elections', 'how people vote will have an effect on congress']",Election outcome depends on presidential race and COVID-19 situation,chatgpt,mrf
U.S. to shatter record for billion-dollar climate disasters in 2020,"['us will hit record disaster', 'climate change is leading to more and higher intensity climate disasters']",Climate disasters are increasing in frequency and cost in the United States,chatgpt,mrf
"French lab's research shows that COVID-19 is very resilient. 90C water can't kill it, nor the nanoneedle; the virus bounced back immediately once the needle was removed.","['the virus is very resilient.', 'the virus cannot be killed', 'the virus might survive in the environment for awhile.', 'there is no treatment']",COVID-19 is highly resilient,chatgpt,mrf
No 10 accused of 'cavalier attitude' to UK's climate summit duties,['unknown intent'],UK government not taking climate summit responsibilities seriously,chatgpt,mrf
Climate Change Could Wipe Out the Marshall Islands,['climate change could destroy the marshall islands'],Climate change is a serious threat to the Marshall Islands,chatgpt,mrf
Asymptomatic spread of COVID-19 never occurs,"[""asymptomatic cases don't spread covid"", 'only symptomatic people spread covid', ""covid can't be spread by people who don't have symptoms"", ""if you have no symptoms, you can't spread covid"", 'people should only be concerned about avoiding others with visible symptoms', ""asymptomatic people don't need to take covid precautions""]",Asymptomatic spread is a myth,chatgpt,mrf
"McConnell dashes hopes for $2,000 coronavirus relief checks","[""the politician doesn't care about the people"", 'mcconnell is going to disappoint people who were hoping to get help from the government', 'senator is causing citizens to be stressed out', ""people won't get financial help because of mcconnell""]","$2,000 relief checks are unlikely",chatgpt,mrf
Two Birds One Stone: Coronavirus Relief Can Reboot the Economy and Protect the Climate,"['covid has impacted global warming', 'government is preparing policies to combat climate change']",Coronavirus relief can benefit the economy and climate simultaneously,chatgpt,mrf
The Colombian government bought the astrazeneca vaccines for 21 usd each dose,"['the columbian government believes the astrazeneca vaccines are effective', 'governments can get vaccine doses for cheap', 'some governments may be hoarding vaccines']",Colombia buys Astrazeneca vaccines at $21 per dose,chatgpt,mrf
Our lives depend on climate change fight',['the climate change fight affects all of us'],Climate change is crucial for our survival,chatgpt,mrf
When Obama made the UN Paris climate agreement end run,['a us leader had a say in climate change participation.'],Obama bypassed traditional channels to secure the UN Paris climate agreement,chatgpt,mrf
Moderate Liberals  or collaborators in climate crimes?,"['moderate democrats might be collaborators in climate crime', ""some politicians don't care about climate change"", 'certain section of an ideology are contributing to the climate crisis']","Implied message: ""Moderate Liberals may not be doing enough to combat climate change",chatgpt,mrf
Indigenous environmental defender killed in latest Honduras attack,['indigenous environmental protector killed in honduras'],Indigenous lives are at risk in Honduras,chatgpt,mrf
"Global Warming by the Numbers, Because This Week the Reality Is Too Much",['events are getting worse by the day'],Climate change is a serious issue,chatgpt,mrf
Climate change: Global 'elite' will need to slash high-carbon lifestyles,"['global elite cause a lot of carbon emissions', 'many wealthy people are wasteful.', 'wealthy rarely live environmentally conscientious lifestyles.', 'a disproportionate few are creating a lot of waste.']",Global elite must reduce carbon footprint,chatgpt,mrf
"If we want a Green New Deal, we need climate leaders in office  but who?",['politicians that believe in climate change should be elected'],We need the right people in office,chatgpt,mrf
I Am Greta Isn't About Climate Change. It's About the Elusiveness of Sanity in an Insane World,"[""the film isn't really about global warming.""]",Insanity in a changing world,chatgpt,mrf
Epidemiologist says CoronaVac could not be approved,['coronavac vaccine is not effective'],CoronaVac not approved,chatgpt,mrf
"In Austria, the court lifted all restrictive measures against COVID-19.","['everything can go back to normal', 'the pandemic is over']","""COVID-19 restrictions lifted in Austria",chatgpt,mrf
The Wuhan Virology Laboratory has a link with GSK and Pfizer,"['there is a conspiracy behind covid.', 'pfizer and gsk have ties to to the lab that might have created covid', 'the wuhan virology laboratory is linked with the vaccine makers and there is a conspiracy going on', 'pfizer and gsk have ties to the lab which potentially created covid']","Possible answer: ""Lab has ties to big pharma",chatgpt,mrf
The 'market' won't save us from climate disaster. We must rethink our system | Robert S Devine,['unknown intent'],Market-based solutions are insufficient for addressing climate change,chatgpt,mrf
Obama Climate Commie Gina McCarthy Reportedly Tapped by Beijing Biden,"['obama and biden are communists.', 'only communists believe in climate change.', 'political figures are too concerned about climate change.']",Gina McCarthy is a problematic choice for Beijing Biden's climate policy,chatgpt,mrf
Ice Storm in Russia's Far East Linked to Climate Change,['ice storm in russia is linked to climate change'],Climate change causes ice storm in Russia's Far East,chatgpt,mrf
"Trans Mountain's profitability depends on climate action, says budget watchdog",['society cares about companies taking environmental action'],Profitability linked to climate action,chatgpt,mrf
Law student sues Australia over climate risk in government bonds,['government bonds could be at risk of default due to climate change'],Climate risk in government bonds is a legal issue,chatgpt,mrf
Federal environment minister defends offshore drilling rules amid biodiversity concerns,"['the current govt favors economy over environment', 'current govt has controversial environment policies', ""the environmental minister doesn't care about the environmental impact of drilling""]",Offshore drilling rules are adequate,chatgpt,mrf
Dr. Drew Pinsky tests positive for COVID-19 months after apologizing for downplaying the virus,"['people who say covid is no big deal can still get it', 'covid is harmful to people']","COVID-19 can affect anyone, regardless of their previous beliefs or actions",chatgpt,mrf
"Faith and the fight against climate change, Part 1","['faith can help in the fight against climate change', 'there will be more parts']",Faith can contribute to the fight against climate change,chatgpt,mrf
"In a residence where there were no deaths from COVID-19, 24 people have already died after the vaccines",['the vaccine is more deadly than covid'],"""Vaccines may have unintended consequences",chatgpt,mrf
The Guardian view on Biden and the climate crisis: fight for net zero | Editorial,['biden needs to fight for net zero to combat the climate crisis'],Biden must prioritize achieving net zero emissions,chatgpt,mrf
CBS Goes Full Climate Propaganda: Why Are Humans 'at War With Nature?',"['society acts as if it hate the environment with their actions or lack thereof.', 'the company is pushing a political party agenda']",Humans are harming nature,chatgpt,mrf
John Stossel features Climate Hustle 2: Interviews Marc Morano,['unknown intent'],Climate Hustle 2 is discussed by John Stossel with Marc Morano,chatgpt,mrf
Daily use of masks causes degenerative diseases,"['masks are dangerous', 'masks cause disease']",No implied message can be inferred from the given news headline,chatgpt,mrf
"Daily U.S. virus infections hit all-time high: ""Extremely dire""","['people are at danger to catch covid', 'the usa has a poor handle on controlling covid', ""society is not doing what's needed to avoid spreading covid"", 'infection rates are high']",COVID-19 situation in the US is worsening,chatgpt,mrf
Egg on their faces: 10 Climate alarmist predictions for 2020 that went horribly wrong,"[""models don't get rpedictions wrong all the time""]",Climate alarmists were wrong in their predictions for 2020,chatgpt,mrf
U.K. and Germany bank on rapid testing as anti-COVID tactics evolve,"['new tests are being developed', 'governments are ramping up their capacity of testing', 'government learned a lesson from covid pandemic']",Rapid testing is becoming a key strategy in the fight against COVID-19,chatgpt,mrf
10 steamy signs in 2020 that climate change is speeding up,['climate change is occurring faster than predicted'],Climate change is a serious and urgent issue,chatgpt,mrf
Biden election sparks hope for meeting global climate targets,"['biden is hugely supported', 'biden cares about climate change action']","Biden presidency may lead to achieving climate goals
299	['the covid vaccine has potentially deadly side effects', 'people should avoid taking the vaccine', 'a webpage is a suitable source of trustworthy information', 'people are being misled about vaccine safety by big business']	Tiffany Dover who passed out after receiving coronavirus vaccine has died
300	['climate change is leading to intensification of hurricanes', 'climate change is causing a refugee crisis in central america']	Climate change is causing people to flee Central America due to hurricanes
301	['covid-19 is not real']	Covid is not a hoax",chatgpt,mrf
"One Day After The Election, The US Has Officially Pulled Out Of the Paris Climate Agreement",['the us pulled out of the climate agreement a day after the election'],US no longer committed to fighting climate change,chatgpt,mrf
"The picture shows the Mayor of London  Sadiq Aman Khan, being vaccinated in front of a camera  with an unopened needle cap and a white shirt.","['vaccines are actually harmful', ""the figurehead knows more about the vaccine than what's told to the masses""]","""Importance of public figures getting vaccinated",chatgpt,mrf
How The COVID Relief Bill Turned Into A Climate Change Bill,"['the covid stimulus bill has elements that are for climate change actions', 'the covid relief bill also tries to address climate change']",COVID relief bill includes climate change measures,chatgpt,mrf
John Kerry Tapped For Newly Created Role As Presidential Climate Envoy,['a new office has been created for climate change'],Climate change is a priority for the new administration,chatgpt,mrf
Biden's Climate Team Begins to Take Shape,"['biden is putting together his climate team', ""biden's climate team is starting to come together""]",Biden prioritizes climate change,chatgpt,mrf
The government introduces new measures due to the new record number of cases. The schools are to switch to distance education; the transport will stop working; malls will be closed.,"['the government introduced new measures to fight covid-19', 'schools will close and offer online/at home learning', 'infection rates are increasing', 'business will shut down in high transmission areas', 'a lot of things in society will be shut down']",Stringent measures to control the spread of COVID-19,chatgpt,mrf
Viral text says that Wuhan biological laboratory is owned by Glaxo and Pfizer laboratories,['labs in wuhan are owned by pharma companies'],False claim about ownership of Wuhan laboratory,chatgpt,mrf
"Putin: Arctic nature extremely vulnerable, environmental risks should be minimized",['russian president takes climate change seriously'],Environmental protection is important in the Arctic,chatgpt,mrf
COVID-19 Has Taken the Wind Out of the Sails on Climate Change,['pandemic is halting climate change efforts'],Climate change efforts are suffering due to the COVID-19 pandemic,chatgpt,mrf
123 countries have ordered the COVID-19 vaccine from Bharath Biotech,"['there are several different vaccine companies to choose from.', 'bharath biotech is effective', 'many people are going to be vaccinated.', 'a vaccine may be available sooner than expected, as countries are creating their own supplies', 'other countries are also developing and approving vaccines', 'some governments make different choices regarding vaccination.']","Bharath Biotech's vaccine is in high demand globally
212	['climate change causes an increased risk of pandemics']	Climate action can prevent pandemics
213	['biden cares about the climate', 'biden nomination for epa is from north carolina', 'biden will nominate north carolina environmental official to run the epa']	Biden favors environmental expertise for EPA leadership",chatgpt,mrf
The coronavirus is harmless. It has caused deaths due to wrong medical protocols.,['covid-19 is not dangerous'],Wrong medical protocols caused coronavirus deaths,chatgpt,mrf
A Latvian paramedic who told the truth about the coronavirus was arrested.,"['authorities want to suppress the truth the doctor is telling', 'the government is trying to silence people', 'people are being punished for revealing the truth about covid', 'the government will silence people who speak out against the pandemic.']","Speaking out has consequences
93	['companies are making claims of climate action without following through, investing in harmful companies']	Climate action is not enough
94	['wind turbines cause noise pollution']	Wind turbines are causing Dutch climate refugees due to unbearable noise
95	['some time has elapsed between infections and vaccinations']	Chronological progression of COVID-19",chatgpt,mrf
Weatherwatch: the climate of the Leeward Islands,['climate of the leeward islands may be affected'],The climate of the Leeward Islands is being discussed,chatgpt,mrf
Death continues to be a regular guest at those who have agreed to take part in vaccine testing. Six people have died from Pfizer vaccine trials. 4 people were paralyzed.,"['vaccines are dangerous', 'vaccines can cause illness']","Vaccine testing comes with risks
396	['police is irresponsible.', 'trafficking survivors are not protected by home office']	Home Office neglects trafficking survivors
397	['the government is hiding the truth about vaccines', 'the vaccine is made from harvested fetuses', 'aborted babies are used widely in western medicine']	COVID-19 vaccine contains fetal cells
398	['there is a secret weapon against climate change']	Hope for combating climate change",chatgpt,mrf
Russian Sputnik V vaccine against covid-19 provides complete protection with a single dose,"['one sputnick vaccine provides complete protection', 'people should get vaccinated.', 'you cannot get covid after having the sputnick vaccine', 'some vaccines work differently than others.', 'vaccines are beneficial.']",Single dose of Sputnik V vaccine provides complete protection,chatgpt,mrf
"the Government of Italy has lifted all restrictions against COVID-19 after 50,000 restaurants have decided to open at the same time","['the pandemic is over', 'the restrictions have stopped']","Mass restaurant opening led to lifting of COVID-19 restrictions in Italy
400	['caroline lucas mp cares about the environment a lot and sustainability']	Caroline Lucas is the most influential woman in environment and sustainability",chatgpt,mrf
Seasonal flu is more dangerous than the coronavirus. Seasonal flu kills 60 times more people each year.,['flu is more dangerous than covid-19'],"""Seasonal flu is deadlier than coronavirus",chatgpt,mrf
"Joe Biden's 2020 policies: the President-elect's views on Covid, immigration and the environment",['the president will have policies in place for climate change'],"Joe Biden's policy views on Covid, immigration, and the environment are discussed",chatgpt,mrf
First ever US climate envoy warns Paris agreement 'is not enough',['governments need to do more than what policies already exist'],Paris agreement needs improvement,chatgpt,mrf
Serum made from equine plasma cures COVID-19,"['treatments are working', 'equine plasma cures covid', 'covid can be cured with plasma from horses', 'plasma from horses can cure the virus.', ""we don't have to worry too much because covid can be treated"", 'serum from plasma can cure covid']",Equine serum cures COVID-19,chatgpt,mrf
Youth leading the charge for climate action at Mock COP26,"['the next generation cares more about the environment', 'young activists are becoming more active in climate change movements.']","Youth are taking action on climate change
289	['going to school or college puts people at risk', 'attending school or college during the pandemic could get you infected']	Education institutions shut down due to Covid",chatgpt,mrf
The number of deaths in the U.S. in 2020 was not greater than that in 2019,"['covid has not really cause excess deaths.', 'authorities are making too much of pandemic.', 'response to pandemic overblown.']",No significant increase in deaths in 2020,chatgpt,mrf
California sets new record for COVID-19 deaths,"['covid is killing people in this state at high rates', 'people need to do more to stop the spread of covid']",COVID-19 deaths in California are increasing,chatgpt,mrf
"""Totally unacceptable"": Army secretary condemns command climate","['the army secretary does not like a command climate', 'the army is against command climate']",Army leadership is being criticized for their behavior,chatgpt,mrf
Those holiday returns come with a massive environmental footprint,"['returning holiday gifts has a bad impact on the environment.', 'even simple behaviors by consumers cause a lot of environmental damage']",Holiday returns are environmentally harmful,chatgpt,mrf
Recipients of Pfizer and Moderna develop severe side effects.,['pfizer vaccine causes severe side effects'],"""COVID-19 vaccines have side effects",chatgpt,mrf
"Japan, S. Korea run with Vietnam coal plant despite climate vows",['japan and s. korea are working with  vietnamese coal plant despite vows'],Climate vows are being ignored,chatgpt,mrf
"Canadians were given $2,000 a month by the government during the Covid-19 pandemic","['us government aid is paltry.', 'the amount of money was excessive', 'the $2000 a month canadians were given was to help them cope with the consequences of the pandemic', ""us aid to individuals isn't as high as others'.""]",Government provided financial support during pandemic,chatgpt,mrf
'Buddha would be green': Dalai Lama calls for urgent climate action,"['dalai lama puts focus on climate issues', 'buddhists believe in climate change']",Climate action is necessary and urgent,chatgpt,mrf
How significant is Biden's commitment to climate change?,"[""biden's motivation is in question"", 'biden may or may not be serious about tackling climate change']",Biden's commitment to climate change is strong,chatgpt,mrf
"The AMA ""reversed course"", now ""giving the green light to doctors prescribing HCQ to their COVID patients.""","['agency decisions could be reversed.', 'ama giving doctor permission to  give out prescriptions', 'medical professionals unsure about treatment options', 'hcq is a safe treatment for covid.']",AMA approves HCQ for COVID patients,chatgpt,mrf
"Hank Aaron's death was a result of being vaccinated against COVID-19 in early January,","['the vaccine is dangerous', 'you should not take the vaccine']",Vaccines can be deadly,chatgpt,mrf
"Portugal is on full lockdown since March and, even so, the number of cases exploded this January","['the restrictions did not help', 'even staying home will not prevent new cases of covid', 'restrictions did not lessen the cases of the virus', 'quarantine orders do not prevent the spread of covid']","""Lockdown measures are not enough",chatgpt,mrf
RNAm vaccines serve to modify our DNA,"['vaccines were not created to help people', 'vaccines can cause mutations in our body', ""modifying someone's dna without their permission is a bad thing"", 'vaccines are unsafe', 'people should not take the vaccine', 'vaccines are evil', 'vaccines change our body', 'the covid vaccine is dangerous', 'our dna can be modified by rna vaccine']",Misleading statement,chatgpt,mrf
"Climate Activists Claim Leaves Falling Earlier, Denying Their Previous Claims","['climate activists are confused themselves', 'climate change activists are flip floppers']",Climate activists contradict themselves,chatgpt,mrf
"Researchers were forced to withdraw a ""pro-mask study"" after increase in SARS-CoV-2 cases in the areas that were originally analyzed in the study, showing that masks don't work","[""mask don't work"", ""masks don't prevent the spread of covid."", 'health authorities are lying.', ""masks don't reduce the spread of disease.""]",Masks don't work,chatgpt,mrf
Wildlife movements offer window on climate change effects,"['climate change is causing more wildfires', 'wildlife is affected by climate change', 'climate change is impacting wildlife and their movement patterns']",Wildlife movements reveal climate change impact,chatgpt,mrf
"Associated Press: Five years on, signs that Paris climate accord is working: CO2 emissions 'barely rose globally from 2018 to 2019, then dropped 7% this year because of the pandemic, although it'll likely rise again'","['the paris climate accord and the pandemic is slowing climate change', 'slowed emissions are proof the accord is working']",Paris climate accord is effective,chatgpt,mrf
"UK coronavirus: Highest daily death toll since April as cases up by more than 50,000","['pandemic is getting worse in uk.', 'the pandemic is getting worse in the uk']",COVID-19 cases and deaths are increasing rapidly in the UK,chatgpt,mrf
New Alliance Hopes to Raise Awareness of Arctic Environmental Crisis,['an environmental crisis is going on in the arctic and a new group was formed to spread the word about it'],Arctic environmental crisis needs attention,chatgpt,mrf
A six-year-old girl from the Schweinfurt area of Bavaria fainted on a school bus on September 28 while returning home from school and died.,['unknown intent'],Tragic death of a six-year-old girl on a school bus,chatgpt,mrf
"China's success in fighting the virus is a miracle, or there was no virus.","[""china's way of fighting coronavirus is doubtful.""]","Implied message: ""China's success in fighting the virus is questionable",chatgpt,mrf
U.S. confirms first case of new COVID-19 strain found in the U.K.,['the new covid strain is spreading in the us'],New COVID-19 strain has reached the U,chatgpt,mrf
Environmentalist groups sue Energy Department over federal law allowing for faster dishwashers,['dishwasher innovation is bad for the climate.'],Environmentalists oppose faster dishwashers,chatgpt,mrf
Biden introduces environment team to tackle 'existential threat',"['the government is taking on global warming head-on.', 'biden takes climate change seriously']",Climate change is a significant problem that needs to be addressed urgently,chatgpt,mrf
A doctor who was volunteering in clinical tests was killed by the vaccine produced by Oxford/AstraZeneca,"['vaccine was deadly during trial', 'people should not get the covid-19 vaccine.', 'the covid-19 vaccine is not safe.']",Vaccine volunteer dies,chatgpt,mrf
We can't steal their future': Prince Harry says fatherhood has galvanised his environmental efforts and warns against leaving world 'on fire',['prince harry talks about how being a dad changes his views'],Fatherhood inspires environmental action,chatgpt,mrf
Joe Biden's climate agenda is all about creating a crisis  not actually fixing one,"['jod biden made a climate agenda', 'governments are creating hysteria regarding climate change']",Biden's climate agenda is misleading,chatgpt,mrf
"According to Prince Harry, pandemic is due to 'climate change'","['prince harry thinks the pandemic is due to climate change', 'climate change can have unexpected consequences.', 'climate change is causing pandemics']","""Pandemic caused by climate change",chatgpt,mrf
"Biden Treasury Pick Could Defund the Fossil Fuel Industry, Climate Organizers Say","[""the official's climate plan could harm certain industries."", ""he doesn't care about the enviroment.""]",Biden's Treasury pick may defund fossil fuels,chatgpt,mrf
How Climate Change Turned Venus from an Earth-like Planet to Uninhabitable Wasteland,"['left unchecked, climate change could turn the earth into an uninhabitable rock like venus.']",Climate change ruined Venus,chatgpt,mrf
The end of total quarantine: the Cabinet of Ministers of Ukraine has just made a decision.,['the pandemic is over'],End of total quarantine,chatgpt,mrf
"American conservative commentator Rush Limbaugh claims the American Medical Association (AMA) admitted it ""lied"" about hydroxychloroquine and rescinded a recommendation against using it to treat Covid-19.","['the organization has withheld information', 'government agencies did not tell the truth and changed their recommendation about some treatments', 'that some media believe the government agencies did not tell the truth about some forms of teatment']",AMA rescinds recommendation against hydroxychloroquine,chatgpt,mrf
U.S National Institute of Health has said that the use of masks causes deaths from bacterial pneumonia,"['masks can cause death.', 'masks can cause harm', ""people shouldn't wear face coverings."", 'wearing masks are dangerous', 'face coverings are dangerous']",Misleading information; masks are still effective in preventing the spread of COVID-19,chatgpt,mrf
21% of people are having serious adverse events from (the Moderna) vaccine.,"['the moderna vaccine is unsafe.', 'moderna vaccine is not properly validated for safety.']",Misleading and inaccurate,chatgpt,mrf
Partisanship Is a Public Health Threat,"['politicization of covid is bad for beating the pandemic', 'political strife is hurting citizens']",Partisanship harms public health,chatgpt,mrf
Climate change: UK aim of 68% emissions cut a 'colossal challenge',['uk emission goals are unrealistic to achieve'],UK faces huge task to cut emissions by 68%.,chatgpt,mrf
"Bill Gates and global elites plan a depopulation through the vaccines; A vaccine against the coronavirus already exists, but it is intentionally hidden to fearmonger the population even more; Bill Gates, an active supporter of vaccinations, refuses to vaccinate his own children.","['vaccine has been around for a long time', 'bill gates does not really want to use the vaccine for his own family', 'bill gates wants to depopulate the world']",False conspiracy theories about Bill Gates and vaccines,chatgpt,mrf
"Guilherme Boulos, who ran for mayor in So Paulo and is a pro-public health activist, was admitted to the Albert Einstein Hospital, one of the most expensive private hospitals in the country, after contracting COVID-19",['politician was admitted to private hospital after getting covid.'],"Contradiction in beliefs/actions
279	['hydroalcoholic gel can set off a breathalyzer test and should be avoided', 'a breathalyzer device will pick up the alcohol from the gel', 'hand sanitizer cause you to test positive for covid', 'hand sanitizers can cause side effects']	Hydroalcoholic gel affects breathalyzer tests
280	['government officials are not on the same page when it comes to climate change policies', 'the paris agreement may not be strong enough to fight climate change']	Paris Agreement effectiveness questioned
281	['the cdc thinks it is safe for people infected with covid to vote in person', 'elections can continue on without being impeded']	People with coronavirus can vote
282	['some knew of covid many years ago', 'the virus is being used to manipulate society', 'governments made the virus', 'we were tricked into believing covid just came about', 'the virus was engineered']	Prophetic Gaddafi foresaw COVID-19 outbreak",chatgpt,mrf
"New U.S. laws for 2021: Virus aid, police reform, legal weed","[""covid pandemic is on government's priority list."", 'the government is changing and passing new laws', 'there will be changes and new laws soon']","New laws are coming in 2021 related to virus aid, police reform, and legalizing marijuana",chatgpt,mrf
"Environmental policy is labor policy, and Biden must make that clear","['biden can make climate policy and labor policy work together', 'environmental policy is labor policy and this must be clarified by biden']",Environmental policy matters for workers,chatgpt,mrf
New artificial dam aims to save Venice from climate change-induced flooding,"[""rising water levels threaten the city because it's at sea level and has a bunch of canals""]",New dam will protect Venice from flooding,chatgpt,mrf
EU leaders agree to deeper cuts to greenhouse gas emissions by 2030,"[""the body thinks current standards weren't aggressive enough""]",Deeper emissions cuts are necessary,chatgpt,mrf
Coronavirus in Illinois updates: Here's what happened Nov. 3 with COVID-19 in the Chicago area,"['coronavirus is still an issue', 'people can find updates for november third covid news here']",COVID-19 updates in Illinois,chatgpt,mrf
"Biden introduces his climate team, says 'no time to waste'","['climate crisis is an emergecy', 'biden thinks climate change is an urgent issue', 'biden created a climate team quickly', 'biden cares about cliamte change', 'biden does not want to waste time when it comes to the environment']",Climate action is urgent,chatgpt,mrf
Amazon CEO Jeff Bezos has confirmed the first of his $10 billion pledge to help stop climate change,"['jeff bezos is allocating 10 billion dollars to climate change', 'amazon ceo jeff bezos is donating billions to stop climate change']",Bezos starts fulfilling climate change pledge,chatgpt,mrf
Rusting oil tanker could create one of the worst environmental disasters in history,['there is a rusting tanker that could cause bad damage to the environment'],Impending environmental catastrophe,chatgpt,mrf
"An article from the Tierra Pura site that states that ""aborted fetuses are being used in vaccines"" against COVID-19","['the shots used to prevent the virus are derived from dead babies.', 'fighting the virus is evil or unnatural.', 'dead human parts are injected in vaccines', 'vaccines are being made unethically', 'immunizations are evel.']","COVID-19 vaccines are unethical due to the use of aborted fetuses
248	['biden needs to tackle climate change asap', 'biden must take climate change seriously']	Climate change is urgent and requires immediate action
249	['the new us president will handle climate change differently than the previous administration did by taking it more seriously.', 'environmental justice is important to biden and his cabinet picks']	Environmental justice is a priority for Joe Biden's administration
250	['cnn is acting as a climate alarmists and overhyping climate change']	Climate change is a serious and urgent issue
251	['this vaccine is considered safe', 'another brand of vaccine is coming soon']	Oxford-AstraZeneca's COVID vaccine is approved
252	['warmer oceans may be making storms more severe', 'the environmental crisis is making devastating events even more catastrophic.']	Global warming affects hurricane strength
253	['the richer citizens contribute more to global warming than others.']	Rich must reduce carbon footprint drastically
254	['the current rpesident needs to make meaningful steps on climate change', 'the former rpesident did such extensive damage that a lot of work is needed to recoup the losses']	Undoing Trump's damage is not enough
255	['people should not get vaccinated.', 'covid vaccines cause unknown side effects.', 'covid vaccines are unsafe.']	Misinformation about COVID-19 vaccines
256	['2020 may be a big year for climate change']	Climate resilience is important in 2020
257	['trump should not have a second term', 'trump does not care about the environment']	Trump's re-election would be disastrous for climate change efforts",chatgpt,mrf
Obama told Africans to refuse COVID-19 vaccines,"['people should avoid taking the vaccine', 'the vaccine is not safe']",Misleading and false information,chatgpt,mrf
Incoming EPA Chief Vows 'Sense of Urgency on Climate',['climate change is a pressing issue'],Climate action is a priority for the new EPA chief,chatgpt,mrf
White House reportedly removes official in charge of climate change report,['unknown intent'],Climate change report official removed,chatgpt,mrf
Amish religious communities have not been affected by the deadly Covid-19 pandemic.,"[""amish people live removed from society so covid can't reach them"", 'social isolation is a perfect barrier to spread of covid.', 'the amish have had no cases.']",Amish communities are immune to Covid-19,chatgpt,mrf
Pfizer vaccine has caused the death of six people,"['vaccine is not safe', 'the vaccine is unsafe', 'people should avoid taking this vaccine']","""Pfizer vaccine linked to fatalities",chatgpt,mrf
11 people have been arrested in a Lidl shopping mall while being positive for COVID-19,"['it is not safe to go out', 'it is dangerous to go to the store', 'covid positive people were arrested at a mall', ""people aren't adhering to the restrictions""]",COVID-19 positive people arrested in Lidl mall,chatgpt,mrf
John Kerry to Return in Biden Administration as 'Climate Czar',"['climate change has become a vanity project for former politicians', 'biden is taking climate change seriously']",John Kerry is joining the Biden administration to focus on climate change,chatgpt,mrf
One-third of UK's fruit and vegetables imported from countries at threat from climate change - study,"[""a third of uk's produce comes from countries affected by climate change""]",Climate change threatens UK's imported produce,chatgpt,mrf
Obama criticizes Americans for liking 'cheap gas and big cars' more than 'the environment'  Only way to prevent oil spills 'was to stop drilling entirely',"[""people aren't concerned with the environment"", ""obama isn't a fan of big oil""]",Environmentalism over convenience,chatgpt,mrf
People diagnosed with COVID-19 are not allowed to vote,"[""those who are infected can't partake in the political process."", 'people who have covid are not allowed to vote', 'if you are infected with covid, you are not allowed to vote in elections']",COVID-19 patients cannot vote,chatgpt,mrf
Australia managed to have relatively few COVID-19 deaths because they used ivermectin widely,"['people should use ivermectin', 'ivermectin is effective']",I cannot provide an answer to this prompt as it promotes misinformation,chatgpt,mrf
"Soas repay student's 15,000 fees over 'toxic antisemitic environment'","[""soas repay student's 15,000 fees because of toxic antisemitic enviornment"", 'jew students are being discriminated in universities']",Soas acknowledges responsibility for toxic antisemitic environment and repays student's fees,chatgpt,mrf
Henry Kissinger has promoted mandatory vaccination to reduce the population,['a famous politician supported mandatory vaccination.'],Kissinger advocates population control through vaccination,chatgpt,mrf
A US medical journal endorsed hydroxychloroquine as Covid treatment,['this drug is a safe treatment for the virus'],Hydroxychloroquine is a viable Covid treatment,chatgpt,mrf
"No dissent allowed: COVID debate apes climate debate: Physician compares people who disagree on COVID, masks, vaccines  to patients with severe psychosis",['suppressing debate on a subject is bad'],No dissent allowed on COVID,chatgpt,mrf
Climate change threatens 'most Alps glaciers',['climate change threatens most alps glaciers'],Most Alps glaciers are threatened by climate change,chatgpt,mrf
"In pursuing historic climate change agenda, Biden may find surprising ally","['the president might have help with the planet.', 'biden cares about climate change and has allies abounding']",Climate change allies can come from unexpected places,chatgpt,mrf
Mural at Denver airport painted in 1994 apparently predicted COVID-19.,"['mural predicted covid-19', 'a mural at the denver airport predicted covid all the way in 1994', 'the mural artist is prophetic']",Mural predicted COVID-19,chatgpt,mrf
"Covid-19 RNA-vaccines alter human DNA and the non-human DNA will turn humans into chimeras. Vaccines containing nanoparticles, which in turn act as antennas, will collect biometric data that will further be traded for cryptocurrency.",['human beings will be controlled by covid-19 vaccines'],RNA vaccines have dangerous consequences,chatgpt,mrf
COVID-19 Vaccine destroys the immune system,"['the covid-19 vaccines are not actually safe.', 'the covid-19 vaccine has not been properly tested.']",Misleading and false,chatgpt,mrf
Jair Bolsonaro disobeyed the Supreme Court and committed a crime of responsibility by ordering the sending of supplies and equipment to Amazonas,"[""brazil's urban citizens are not getting the supplies they deserve"", 'the politician unfairly and illegally biased towards amazon.', ""brazil's president defied his own government in order to give to the most needy in his country"", 'a president broke the law', 'the politician acted in a biased and illegal way.']",Bolsonaro broke the law,chatgpt,mrf
Report: India Is the Only G20 Nation Honoring Its Paris Climate Accord Commitments,"[""most nations aren't following climate change goals they set"", 'india is the only country honoring its climate change agreement']",India is leading in climate change efforts among G20 nations,chatgpt,mrf
"Online shopping: Great for bargains, terrible for the environment",['online shopping is bad for climate change and the environment'],Online shopping harms the environment,chatgpt,mrf
Pope Francis has stated that one will not be allowed to enter paradise without having had the COVID-19 vaccination.,"['pope francis mandates covid-19 vaccines for entrance to heaven', 'heaven requires vaccinations', 'some religious leaders feel no vaccine means no afterlife']","False news, no implied message",chatgpt,mrf
A woman died in few seconds after taking COVID vaccine,"['a vaccine can kill instantly', 'the covid 19 vaccine is lethal']","""Vaccine may have fatal consequences",chatgpt,mrf
Six people have died because of the Pfizer vaccine.,"['the pfizer vaccine is dangerous.', 'there are more side-effects from the pfizer vaccine than developers were willing to admit.', 'vaccines are dangerous', 'vaccinations ahve consequences']","""Vaccine has potential risks",chatgpt,mrf
'The most significant climate legislation ever': How stimulus bill tackles warming planet,"['government can legislate climate change', 'society is willing to accept government regulation', 'government is taking real action to combat climate change']",Stimulus bill addresses climate change,chatgpt,mrf
"People queuing in Sierra Nevada after the Government of Andalusia approved the mobility restriction measures on January 16, 2021","['society does not listen to government orders', 'the mobility restriction measures are what caused people to start queuing']","Long queues form in Sierra Nevada due to mobility restrictions
423	['a natural remedy can cure/prevent  a virus.']	False claim about guava leaf and COVID-19
424	['environmentalists are alarmists', 'too much focus on environmental protection weakens national security']	China's green NGOs are misleading on climate change
425	['government officials do not believe in the covid vaccine']	World leaders receive special treatment",chatgpt,mrf
New Zealand declares a climate change emergency,['nz declares a climate emergency'],"""Climate change is a pressing issue that requires urgent action",chatgpt,mrf
"Daily Illinois coronavirus graphs: 55 new deaths, 7,538 new confirmed cases and 71,857 new test results","[""illinois' has a poor handling on covid"", 'covid is spreading rapidly through this population of people', 'many people are getting tested and testing posing positive for covid']","Illinois sees high numbers of new deaths, confirmed cases, and test results for coronavirus",chatgpt,mrf
Biden vows to rejoin Paris climate deal if elected president,"['the candidate will emphasize climate change', 'the politician promises to join with other countries to tackle the climate crisis.', 'the politician wants to partner with other countries to reduce carbon emissions.']",Biden prioritizes climate change,chatgpt,mrf
COVID-19 and AIDS are biological weapons created in the same military biological labs and both viruses were made intentionally to destroy the population and the army of an adversary. The Pentagon was collecting biological samples from Russians as well as different ethnic groups and people of the former Soviet Union living in different geographical locations of the Russian Federation.,"['governments are engaged in secrete biological weapons programs.', 'what we think are naturally occurring viruses are actually biological weapons']",COVID-19 and AIDS were intentionally created as biological weapons,chatgpt,mrf
The Pandemic's Effect On Climate-Changing Pollution Was 'Just A Tiny Blip',['unknown intent'],Pandemic had little impact on climate-changing pollution,chatgpt,mrf
It's forbidden to get vaccinated for the producers,"[""the businesses producing the vaccine don't believe it is actually safe"", 'the vaccine is potentially dangerous']","""Vaccination not allowed for producers",chatgpt,mrf
"Telegram channel says that the Swiss regulatory body has banned the RNA vaccine that comes from Germany, due to its dangerousness",['people should avoid taking the vaccine'],Swiss ban RNA vaccine from Germany,chatgpt,mrf
Coronavirus updates: Stimulus money on the way; Colorado confirms first new virus strain in US; UK approves Oxford/AstraZeneca vaccine,"['the government is providing financial assistance to people in the pandemic', 'this vaccine is approved']",COVID-19 news updates,chatgpt,mrf
UK increasingly reliant on fruit and veg from climate-hit countries  study,"['a slow motion disaster may destroy farmland in the near future', 'production of these foods will be harmed by climate change']",UK's fruit and veg imports affected by climate change,chatgpt,mrf
The new strain of coronavirus was announced by Boris Johnson. Scientists have not made any statement on the issue.,"['public is easy to mislead', 'political figures may know more than others', ""government official wasn't supposed to tell the public"", 'the pandemic is not close to being over']",Scientists have not confirmed the new strain of coronavirus,chatgpt,mrf
"To Turn Fear to Action, We Must Confront the Emotions of the Climate Emergency","[""people are scared about climate change, but aren't taking action"", ""people want climate change action but don't know what they should do""]",Confronting emotions is necessary for taking action on climate change,chatgpt,mrf
Physicist Dr. Lubos Motl reviews the 'excellent' Climate Hustle 2,['a movie is out about climate change called climate hustle 2'],Climate Hustle 2 is praised by Dr,chatgpt,mrf
The new vaccines change DNA,['vaccines alter dna'],Misleading and inaccurate,chatgpt,mrf
Cruz Urges Trump to File Paris Climate and Iran Nuclear Agreements as Treaties,"['treaties serve purposes that are limited in duration.', 'cruz and trump are working together', 'the paris agreement is not beneficial']",Treaties should be filed for Paris Climate and Iran Nuclear Agreements,chatgpt,mrf
Six people died during the Pfizer vaccine tests,['vaccine against covid-19 is not safe'],"""Vaccine testing had fatalities",chatgpt,mrf
"New study shows that contrary to climate alarmism and media coverage, reef islands are GROWING despite rising sea","['reefs are growing despite rising sea levels', 'the destruction of marine ecosystems is not happening', 'climate alarmists are wrong']","Reef islands are growing despite rising sea
180	['fracking worsens climate change', 'allowing hydraulic fracturing is a disaster in itself.']	Fracking causes significant emissions
181	['bold steps are needed to fight climate change.']	Labour needs to take stronger action on climate change
182	['trump wants to drill for oil in the arctic', 'court blocking presidential plan']	Environmentalists oppose Trump's Arctic oil auction
183	['masks make people sick', 'wearing masks is dangerous']	Masks can cause fungal infections
184	['environmental issues are particularly salient for younger people']	Climate activism gains legal ground
185	['society cares more about covid than climate change']	Climate change is no longer a top priority
186	['the covid-19 vaccine causes female sterilization']	False and misleading statement",chatgpt,mrf
Citizens can refuse to be vaccinated based on two medical ethic codes,"['one should refuse to get the shot', 'there is an ethical concern regarding vaccines', 'vaccine will not be mandatory', 'the shot might be forced and you can refuse to take it.', 'at some point it will be legally required to get it.', ""a vaccine isn't necessary to protect yourself or others, so it should be optional"", 'ethical and legal regulations allow citizens to refuse all vaccinations', 'spreading a disease to others is of little importance, so vaccines should be optional']",Medical ethics allow vaccine refusal,chatgpt,mrf
"A young man used an old man's disguise to get himself vaccinated in Jaragu do Sul, Santa Catarina","['vaccination system is not monitored properly.', 'you need to be old to get a vaccine in santa catarina']","""Deception for vaccination",chatgpt,mrf
"'We're in a crisis': Biden says U.S. needs to defeat climate change as he introduces team, priorities","['political leaders are acknowledging the crisis', 'the president is taking climate action with a new team.', 'leaders are ready to take action on global warming']",Climate change is a pressing issue,chatgpt,mrf
You were warned: COVID lockdowns morph to Climate Lockdowns?! Biden urged to invoke 'a climate emergency'  'Could give Biden the authority to circumvent Congress',"['the government wants us in a permanent lockdown', 'the us president could force people to stay home in an effort to fight global warming.', 'biden wants to institute a climate lockdown']",Climate lockdowns may be on the horizon,chatgpt,mrf
Climate Change Turns up the Heat on Ad Industry,"['more people are caring about climate change inititiatives', 'the ad industry is being affected by climate change']",Climate change impacts advertising industry,chatgpt,mrf
The Drilldown: Opposition disappointed with government's climate legislation,"[""the government hasn't done much about climate change""]",Opposition unimpressed with climate legislation,chatgpt,mrf
"Georgians will be used as ""test rats"" of dubious quality vaccine, which explains the fact that Georgia is going to be the first country to be given a new vaccine.","[""politicians are selling out the public to pharma's profit."", ""the vaccines aren't in the individual's interest."", 'the offered vaccines are for testing.', 'georgians will be issued questionable vaccines by the government', 'some vaccines are questionable']",Georgia is being used as a vaccine testing ground,chatgpt,mrf
"The cause of death of a 31-year-old woman was the flu vaccine. The deceased was given the flu vaccine as a preventive measure after his father was diagnosed with the coronavirus, however she herself was not infected with the coronavirus; Within hours of receiving the flu vaccine, he became paralyzed and died within 3 days.",['flu shot is dangerous'],"Flu vaccine can have fatal consequences
406	['trump is a climate denier']	Trump admin's climate policy is contradictory
407	['there is a cure for covid', 'the cure for covid is an otc nasal spray']	Nasal spray is effective against Covid-19",chatgpt,mrf
"Illinois reports 126,211 COVID-19 vaccinations administered throughout the state","['the state leaders are making reasonably good progress with their vaccination program.', 'people in this state feel comfortable getting the vaccine', 'many people are getting vaccinated', 'the vaccines are safe']",Illinois is making progress in administering COVID-19 vaccinations,chatgpt,mrf
Californian was frontrunner for Biden's environmental chief. Why that may be in jeopardy,['californian may not be appointed as environmental chieff'],Californian's nomination for Biden's environmental chief is at risk,chatgpt,mrf
Event 201 shows that the pandemic was planned,"['the pandemic was planned', 'powerful figures are behind the pandemic']",Pandemic planning was intentional,chatgpt,mrf
'Climate change didn't stop when Covid came along'  UN's deputy secretary-general,"['people believe climate change has stopped due to covid', 'climate change is ongoing']",Climate change is still a pressing issue,chatgpt,mrf
White House Ousts Top Climate Change Official,['the white house lost confidence in their top climate change official'],Climate change is not a priority for the White House,chatgpt,mrf
"New Zealand lagging in developed world on climate funding, Oxfam says",['unknown intent'],New Zealand needs to improve its climate funding efforts,chatgpt,mrf
Arsenal become first Premier League club to join forces with the United Nations to combat climate change,['the arsenal cares about climate change'],Football clubs should take action against climate change,chatgpt,mrf
Austrian politician Michael Schnedlitz shows in parliament that an antibody rapid test reacts positive to Coca Cola,"['getting tested is worthless', ""tests aren't accurate""]",Antibody rapid tests may not be reliable,chatgpt,mrf
The vaccines contain substances such as arsenic or uranium according to scientific studies,['vaccines contain harmful ingredients'],False information about vaccines,chatgpt,mrf
"NC environmental official a contender to lead EPA in Biden administration, sources say","[""america's left of center party is taking the environment seriously"", 'nc environmental official might lead epa in biden administration']",NC environmental official may lead EPA under Biden,chatgpt,mrf
The Brazillian Supreme Court forbade Bolsonaro to interfere in the isolation measures adopted by states and cities,"[""bolsonaro's interference would have been harmful to the fight against covid"", 'not everyone agrees with quarantine policies.', 'some cities and states in brazil want to protect people.', ""some political figures don't like quarantine protocols.""]",Bolsonaro's power is limited,chatgpt,mrf
The Fed Joins the Climate Club,['more places are getting on board'],The Fed acknowledges climate change,chatgpt,mrf
Environmental groups line up behind Levin for Labor,['levin is a popular choice for labor according to environmental activists'],Environmental groups support Levin for Labor,chatgpt,mrf
PROPUBLICA  Obama's oceanfront estate granted 'rare exemption' from Hawaii's environmental laws,['a former president was granted special treatment of his properties above citizens.'],Obama's estate received special treatment,chatgpt,mrf
"A Sri Lankan opposition leader says he has no faith in an alleged traditional medicine ""cure"" for Covid-19.","[""the government official doesn't believe in the vaccine's efficacy"", 'the government official doubts the safety of the vaccine']",No faith in Covid-19 cure,chatgpt,mrf
"A supplemental or medicinal oxygen tank can be substituted with a handmade ""oxygenator"" from a nebulizer or a fish tank pump.","[""it's possible for homemade devices to be as effective as medicinal grade ones are"", 'handmade ""oxygenator"" is just as good as a medical grade one']",Homemade oxygenators can be used as a substitute for oxygen tanks,chatgpt,mrf
John Kerry's Think Tank Calls for War With Russia Over Climate Change,"[""russia doesn't care about climate change"", 'john kerry wants to fight russia on climate change']",Climate change justifies war with Russia,chatgpt,mrf
"Biden said to tap Granholm for Energy, McCarthy in climate role","['biden is choosing people to take on agency roles in', 'there will be people in charge soon who care about the environment']",Biden's climate team is taking shape,chatgpt,mrf
"Former aide to Gov. Andrew Cuomo accuses him of sexual harassment, toxic environment",['gov cuomo is being accused of a toxic work environment'],Cuomo's alleged behavior is unacceptable,chatgpt,mrf
Ticketmaster is planning mandatory COVID vaccine identification for concert attendance.,['ticketmaster will require mandatory vaccines'],"""Vaccinated concert-goers only",chatgpt,mrf
"The Venezuelan government lied when it claimed to have donated oxygen to Manaus. Actually, the oxygen that went from Venezuela to Manaus was imported by White Martins","['the government lies to its people', 'the venezuelan government is not trustworthy']",Venezuela's oxygen donation claim was false,chatgpt,mrf
Watch live: Gov. J.B. Pritzker gives a COVID-19 update,"['the governor is working to keep people updated on covid', 'people can watch for updated information on covid', 'state government officials are tackling covid']",Governor provides COVID-19 update,chatgpt,mrf
Colombian doctor Manuel Elkin Patarroyo's warnings about the Sputnik V vaccine,"['there are dangers created by space organizations.', 'some medicine is intentionally harmful.', 'the shot is dangerous', 'there are conspiracies that endanger the public']",Doctor warns about Sputnik V vaccine,chatgpt,mrf
"In Ukraine, the first person fell ill with COVID-19 in December, and quarantine was introduced only in March.",['the ukraine officials were responsible for the delayed quarantine action.'],Late response to COVID-19 outbreak,chatgpt,mrf
Will the Defeat of Democrat Collin Peterson Be Good for the Climate?,['defeat of representative could be win for environment'],Defeat of Peterson = Good for Climate,chatgpt,mrf
U.S. officially withdraws from Paris climate pact,['the us withdrew from the climate agreement'],U,chatgpt,mrf
Politician Georg Nlein accidentally admitted that the new infection protection law is making vaccinations mandatory,"['everyone is required to get vaccination soon.', 'the politician is responsible for making vaccinations mandatory.']",New infection protection law mandates vaccinations,chatgpt,mrf
Two persons died after receiving the covid vaccine,"['covid vaccines are dangerous', 'the vaccine is unsafe', 'deaths from a widely administer vaccine are abnormal', 'people should not get the vaccine', 'the vaccine can be deadly', 'people died from receiving the treatment.', 'there may be a relationship between a few deaths and the covid vaccine.']","""Vaccine has potential risks",chatgpt,mrf
No pig fat ingridients were found in Pfizer and Moderna COVID-19 vaccines,"['the vaccine has no animal products in it', 'it is safe to receive it for all religious beliefs']",No pig fat in COVID vaccines,chatgpt,mrf
JunkScience.com's collection of climate activists admitting climate is not about  the climate,"['climate activists do not care about climate, but other things', 'climate activists are not really fighting about climate for the climate']",Climate activism is not about the climate,chatgpt,mrf
The Ukrainian Cabinet of Ministers extended the strict quarantine until the spring of 2021.,"[""the pandemic isn't over"", 'politicians are overreacting.', 'the government is being too strict.', 'the government is still concerned about covid-19', 'the government of ukraine is issuing a strict lockdown until spring of 2021.']","""Quarantine in Ukraine to continue until spring 2021",chatgpt,mrf
Overworked Frontline Workers In Sri Lanka,['unknown intent'],"Frontline workers in Sri Lanka are facing excessive workload
50	['fires caused by climate change destroyed the trees']	Climate change threatens Lebanon's cedar trees
51	['the scientist held a position in opposition to that of the administration']	Climate science is being ignored or devalued by the White House
52	['environment agency has to answer questions about work on a protected river']	Questions raised about Environment Agency's river works
53	['previous disasters in history could have been caused by a dying star']	Supernovae impacted Earth's climate
54	['biden is responsible for the agenda.', 'technology is dangerous.']	Misleading and false information
55	['biden is active regarding climate issues']	Biden chooses Regan to lead E",chatgpt,mrf
Climate Deal on 2030 Emission Cuts Makes EU 2050 Targets Credible - Michel,"['it will take all of us to make a difference in global warming', 'countries are working together to try an dstop our climate crisis']",2030 emission cuts are crucial for achieving EU's 2050 targets,chatgpt,mrf
COVID-19 vaccine caused the new strain in the UK,"['vaccine is not safe', 'vaccine caused the new strain of the virus', 'the pandemic is a conspiracy to keep people in lockdown']",Misleading and false information,chatgpt,mrf
"Firefighters on 'frontlines of climate crisis' without enough support, warns union chief","['there are insufficient resources to combat climate change.', 'climate change is impacting people faster than they can combat it']",Firefighters need more support,chatgpt,mrf
"Anglica, TV presenter, said she is not taking the COVID-19 vaccine because she has ""high immunity""",['some people think they are naturally immune.'],"Implied message: ""Immunity is a substitute for vaccination",chatgpt,mrf
'Ditch high definition and new tech to fight climate change',"['technology makes climate change worse', 'technology is hurting the environment']","Old tech is better for the environment
336	['some government officials think that covid-19 is not a pandemic', 'covid-19 should not be classified as a pandemic']	COVID-19 is not a real threat
337	['the government will force a total lockdown', 'there will be a total lockdown']	Strict measures to control the spread of COVID-19",chatgpt,mrf
The Italian doctor said that no one dies from COVID-19.,['that the disease has not cause anyone to die and is a hoax'],Misleading and dangerous statement,chatgpt,mrf
Tuesday's coronavirus update,['unknown intent'],There is no implied message in the news headline,chatgpt,mrf
"American Housewife Co-Star Carly Hughes Calls It Quits, Citing a 'Toxic Environment'",['star cites toxic environment on set'],Toxic environment on American Housewife,chatgpt,mrf
Dead-end for climate': Environmental coalition denounces Senate bill to fund nuclear industry bailout,"['an environmental coalition denounced the senate bill to fund a bailout for the nuclear industry', 'the environmental coalition thinks this senate bill is bad']",Senate bill to fund nuclear industry bailout is criticized,chatgpt,mrf
