"HITId","HITTypeId","Title","Description","Keywords","Reward","CreationTime","MaxAssignments","RequesterAnnotation","AssignmentDurationInSeconds","AutoApprovalDelayInSeconds","Expiration","NumberOfSimilarHITs","LifetimeInSeconds","AssignmentId","WorkerId","AssignmentStatus","AcceptTime","SubmitTime","AutoApprovalTime","ApprovalTime","RejectionTime","RequesterFeedback","WorkTimeInSeconds","LifetimeApprovalRate","Last30DaysApprovalRate","Last7DaysApprovalRate","Input.post","Input.targetMinority","Input.Generated_1","Input.Model_1","Input.Task","Input.Generated_2","Input.Model_2","Input.Generated_3","Input.Model_3","Input.Generated_4","Input.Model_4","Input.targetStereotype","Answer.commentbox","Answer.gen_1_statement_correct","Answer.gen_2_statement_correct","Answer.gen_3_statement_correct","Answer.gen_4_statement_correct","Answer.intent_quality_bad_1.on","Answer.intent_quality_bad_2.on","Answer.intent_quality_good_4.on","Answer.intent_quality_good_5.on","Answer.intent_quality_mid_3.on","Approve","Reject"
"3XEIP58NMDLC2OX2SL77G06YK29ZL6","3W9SL2918SYKE6J9V0NUMD3LSHQBZY","Evaluation: Social Bias Frames (WARNING: This HIT may contain adult content. Worker discretion is advised.)","You will read a toxic post from the internet and tell us whether the provided explanation accurately explains why it's toxic","hate, bias, text, evaluation, NLP, toxicity, moderation, explanation","$0.05","Wed Mar 22 12:42:51 PDT 2023","1","BatchId:5039238;OriginalHitTemplateId:928390828;","3600","259200","Wed Mar 29 12:42:51 PDT 2023","","","37Q970SNZS65XP4EUL0IOCW6BGSS15","AZ1DD8SXABVY1","Submitted","Wed Mar 22 13:44:02 PDT 2023","Wed Mar 22 14:36:34 PDT 2023","Sat Mar 25 14:36:34 PDT 2023","","","","3152","100% (1/1)","100% (1/1)","100% (1/1)","What is white on top, and black at the bottom? The social ladder.","[""black folks""]","The social ladder is a stereotype that communicates that people in a certain social class are better off than those in other social classes","text-babbage-001","sbic","black","flan-t5-large","black people are a waste","human","black people are beneath white people","human","[""black folks are at the bottom of the social ladder"", ""black folks are less than whites"", ""black folks are poor"", ""black people are a waste"", ""black people are beneath white people"", ""black people are poor"", ""black people belong below white people""]","","rank_2","rank_1","rank_4","rank_3","false","false","false","false","true"
"3TCFMTM8IRM966QMA4GA9AND1N621W","3W9SL2918SYKE6J9V0NUMD3LSHQBZY","Evaluation: Social Bias Frames (WARNING: This HIT may contain adult content. Worker discretion is advised.)","You will read a toxic post from the internet and tell us whether the provided explanation accurately explains why it's toxic","hate, bias, text, evaluation, NLP, toxicity, moderation, explanation","$0.05","Wed Mar 22 12:42:51 PDT 2023","1","BatchId:5039238;OriginalHitTemplateId:928390828;","3600","259200","Wed Mar 29 12:42:51 PDT 2023","","","3YOH7BII0N5NVI74WQB54ECCJQ6VK0","A1198W1SPF1R4","Submitted","Wed Mar 22 13:20:30 PDT 2023","Wed Mar 22 13:33:48 PDT 2023","Sat Mar 25 13:33:48 PDT 2023","","","","798","100% (473/473)","100% (371/371)","100% (61/61)","Got a iPhone for business but the sidekick is for the bitches &#127926;","[""women""]","This sentence communicates the stereotype that iPhone users are wealthy and that Sidekick users are lower class","text-davinci-002","sbic","women exist to please men","human","women are only good for sex","human","women are objects","human","[""women are objects"", ""women are only good for sex"", ""women exist to please men""]","","rank_1","rank_2","rank_4","rank_3","true","false","false","false","false"
"3IKMEYR0M9TBC7C8IEMSEPJCAT5K2G","3W9SL2918SYKE6J9V0NUMD3LSHQBZY","Evaluation: Social Bias Frames (WARNING: This HIT may contain adult content. Worker discretion is advised.)","You will read a toxic post from the internet and tell us whether the provided explanation accurately explains why it's toxic","hate, bias, text, evaluation, NLP, toxicity, moderation, explanation","$0.05","Wed Mar 22 12:42:51 PDT 2023","1","BatchId:5039238;OriginalHitTemplateId:928390828;","3600","259200","Wed Mar 29 12:42:51 PDT 2023","","","3QRYMNZ7FCF9QWOIO836VO5VGZBNTV","A1JFKVKNBIW3UM","Submitted","Wed Mar 22 12:42:58 PDT 2023","Wed Mar 22 12:52:42 PDT 2023","Sat Mar 25 12:52:42 PDT 2023","","","","584","0% (0/0)","0% (0/0)","0% (0/0)","What was the best part about being black in the 50's? You could sit in the back of the bus and masturbate and nobody would notice","[""black folks""]","black people","flan-t5-small","sbic","Blacks in the 50's were considered lazy and promiscuous","text-davinci-001","Black people are masturbating on the bus.","flan-t5-xl","The best part about being black in the 50's was that you could masturbate and nobody would notice","text-ada-001","[""black people are less than"", ""black people are perverts"", ""black people deserve to be in the back of the bus"", ""black people were lucky to have segregation""]","good","rank_1","rank_3","rank_2","rank_4","false","false","false","false","true"
"32K26U12E0MCVS40E7KGCHLXNI1VDM","3W9SL2918SYKE6J9V0NUMD3LSHQBZY","Evaluation: Social Bias Frames (WARNING: This HIT may contain adult content. Worker discretion is advised.)","You will read a toxic post from the internet and tell us whether the provided explanation accurately explains why it's toxic","hate, bias, text, evaluation, NLP, toxicity, moderation, explanation","$0.05","Wed Mar 22 12:42:51 PDT 2023","1","BatchId:5039238;OriginalHitTemplateId:928390828;","3600","259200","Wed Mar 29 12:42:51 PDT 2023","","","3NS0A6KXCI6Z2GGV7WFTRSXF0KBZGH","A30DHHAL100LZR","Submitted","Wed Mar 22 13:43:53 PDT 2023","Wed Mar 22 14:01:08 PDT 2023","Sat Mar 25 14:01:08 PDT 2023","","","","1035","0% (0/0)","0% (0/0)","0% (0/0)","Surveying gender is easy because there's only male and female.","[""trans women, trans men""]","The stereotype that this sentence communicates is that men are more aggressive than women","text-babbage-001","sbic","""Gender is binary and there are only two options, male or female","chatgpt","The stereotype that this sentence communicates is that men are stronger than women, and that this is true in both the physical and emotional areas","text-ada-001","The stereotype communicated by this sentence is that people in the group are easy to survey","text-davinci-001","[""does not exist"", ""is not legitimate"", ""other genders don't exist"", ""there are only 2 genders"", ""trans people are either men or women, there are only two genders"", ""trans people don't really exist""]","","rank_4","rank_1","rank_3","rank_2","false","true","false","false","false"
"3VCK0Q0PPIC5O3UX04AUNT717QQN04","3W9SL2918SYKE6J9V0NUMD3LSHQBZY","Evaluation: Social Bias Frames (WARNING: This HIT may contain adult content. Worker discretion is advised.)","You will read a toxic post from the internet and tell us whether the provided explanation accurately explains why it's toxic","hate, bias, text, evaluation, NLP, toxicity, moderation, explanation","$0.05","Wed Mar 22 12:42:51 PDT 2023","1","BatchId:5039238;OriginalHitTemplateId:928390828;","3600","259200","Wed Mar 29 12:42:51 PDT 2023","","","3LOTDFNYALXPULFVLPP4A33LI27FW6","A1198W1SPF1R4","Submitted","Wed Mar 22 12:42:53 PDT 2023","Wed Mar 22 12:53:08 PDT 2023","Sat Mar 25 12:53:08 PDT 2023","","","","615","100% (473/473)","100% (371/371)","100% (61/61)","How much does it cost to enter the Boston Marathon? An arm and a leg.","[""terrorism victims""]","are stupid","baseline","sbic","runners","flan-t5-base","Boston Marathon runners are considered to be very dedicated and passionate about running","text-davinci-001","rich","flan-t5-large","[""trivializes harm to victims"", ""trivializing boston bombings""]","","rank_3","rank_2","rank_1","rank_4","false","false","true","false","false"
"32L724R86YIGYJNQK9CSXMCSTZ8PIX","3W9SL2918SYKE6J9V0NUMD3LSHQBZY","Evaluation: Social Bias Frames (WARNING: This HIT may contain adult content. Worker discretion is advised.)","You will read a toxic post from the internet and tell us whether the provided explanation accurately explains why it's toxic","hate, bias, text, evaluation, NLP, toxicity, moderation, explanation","$0.05","Wed Mar 22 12:42:51 PDT 2023","1","BatchId:5039238;OriginalHitTemplateId:928390828;","3600","259200","Wed Mar 29 12:42:51 PDT 2023","","","3300DTYQTGFS4AJDE56S0W0ZI0BQEV","A1JFKVKNBIW3UM","Submitted","Wed Mar 22 12:42:56 PDT 2023","Wed Mar 22 12:51:13 PDT 2023","Sat Mar 25 12:51:13 PDT 2023","","","","497","0% (0/0)","0% (0/0)","0% (0/0)","A black man and a jew jump off a building. Who lands first No one cares","[""black folks"", ""jewish folks""]","jewish people are inferior","human","sbic","This sentence communicates the stereotype that black people are faster than jews","text-davinci-001","black folks are inferior","baseline","The black man and the jew both land on the ground below the building","text-ada-001","[""are unwanted"", ""are worthless"", ""black people are inferior"", ""black people are second class citizens"", ""black people don't matter"", ""have no value"", ""jewish people are inferior"", ""jewish people are second class citizens"", ""jewish people don't matter"", ""nobody care if jewish people die"", ""nobody cares about what happens to black people"", ""would be better off gone""]","good","rank_1","rank_3","rank_2","rank_4","false","false","false","false","true"
"329E6HTMT900XP8RME0XXZO4G75K3R","3W9SL2918SYKE6J9V0NUMD3LSHQBZY","Evaluation: Social Bias Frames (WARNING: This HIT may contain adult content. Worker discretion is advised.)","You will read a toxic post from the internet and tell us whether the provided explanation accurately explains why it's toxic","hate, bias, text, evaluation, NLP, toxicity, moderation, explanation","$0.05","Wed Mar 22 12:42:51 PDT 2023","1","BatchId:5039238;OriginalHitTemplateId:928390828;","3600","259200","Wed Mar 29 12:42:51 PDT 2023","","","3A0EX8ZRNMM369YFVOLWCAXGEDGBYM","AZ1DD8SXABVY1","Submitted","Wed Mar 22 13:44:04 PDT 2023","Wed Mar 22 14:37:42 PDT 2023","Sat Mar 25 14:37:42 PDT 2023","","","","3218","100% (1/1)","100% (1/1)","100% (1/1)","How did Hitler kill so many Jews? Free transportation","[""jewish folks""]","jewish people are a joke","baseline","sbic","Jews are seen as victims of mass genocide due to Hitler's use of free transportation to concentration camps","chatgpt","The stereotype that Hitler killed so many Jews is that he killed them by using free transportation","text-babbage-001","Jews","flan-t5-base","[""are cheap"", ""jewish folks are inferior"", ""jewish folks deserved the holocaust"", ""like anything that is free""]","","rank_2","rank_3","rank_4","rank_1","false","false","false","false","true"
"3FW4EL5A4YMGVR8IT8GOETXITTK22D","3W9SL2918SYKE6J9V0NUMD3LSHQBZY","Evaluation: Social Bias Frames (WARNING: This HIT may contain adult content. Worker discretion is advised.)","You will read a toxic post from the internet and tell us whether the provided explanation accurately explains why it's toxic","hate, bias, text, evaluation, NLP, toxicity, moderation, explanation","$0.05","Wed Mar 22 12:42:51 PDT 2023","1","BatchId:5039238;OriginalHitTemplateId:928390828;","3600","259200","Wed Mar 29 12:42:51 PDT 2023","","","3JV9LGBJW7CN3C2O5N4CBUQBGGPGOD","A1198W1SPF1R4","Submitted","Wed Mar 22 13:14:59 PDT 2023","Wed Mar 22 13:18:59 PDT 2023","Sat Mar 25 13:18:59 PDT 2023","","","","240","100% (473/473)","100% (371/371)","100% (61/61)","Thank goodness for Donald J. Trump

Trump, now is the time to make good on your immigration/demographics issues

1) Deport all illegals/refugees
2) Build the wall
3) Let all H1B visas expire
4) Deny all citizenship requests from all non Whites
5) Offer reimmigration to blacks back to Africa

#MAWA","[""black folks, latino/latina folks"", ""black folks, non-whites""]","white","flan-t5-xxl","sbic","non white people are not worthy of citizenship","human","black people should go live in africa","human","black people should go back to africa","human","[""black people should go back to africa"", ""black people should go live in africa"", ""non white people are not worthy of citizenship"", ""non-whites are undesirable""]","","rank_4","rank_1","rank_3","rank_2","false","false","false","true","false"
"3N2YPY1GJJWHNYI0A2V0IZ3INU2VEF","3W9SL2918SYKE6J9V0NUMD3LSHQBZY","Evaluation: Social Bias Frames (WARNING: This HIT may contain adult content. Worker discretion is advised.)","You will read a toxic post from the internet and tell us whether the provided explanation accurately explains why it's toxic","hate, bias, text, evaluation, NLP, toxicity, moderation, explanation","$0.05","Wed Mar 22 12:42:51 PDT 2023","1","BatchId:5039238;OriginalHitTemplateId:928390828;","3600","259200","Wed Mar 29 12:42:51 PDT 2023","","","34X6J5FLP7W0FQ55S6HJXCDRN87QJG","A1JFKVKNBIW3UM","Submitted","Wed Mar 22 12:42:59 PDT 2023","Wed Mar 22 12:53:17 PDT 2023","Sat Mar 25 12:53:17 PDT 2023","","","","618","0% (0/0)","0% (0/0)","0% (0/0)","how did the jewish kid cheat on his math test ? he used the numbers on his arm .","[""jewish folks""]","jewish people are sex slaves","baseline","sbic","Jewish people are stereotypically associated with having been marked with numbers during the Holocaust","chatgpt","The stereotype that this sentence communicates is that jewish kids use numbers on their arms to cheat on their math tests","text-babbage-001","Jewish","flan-t5-base","[""cheat on tests"", ""deserve to be marked like during the holocaust"", ""jews are marked"", ""jews are tattooed""]","good","rank_2","rank_3","rank_4","rank_1","false","false","false","false","true"
"338GLSUI5G9T1K1SBIA1PU4B0RNSFP","3W9SL2918SYKE6J9V0NUMD3LSHQBZY","Evaluation: Social Bias Frames (WARNING: This HIT may contain adult content. Worker discretion is advised.)","You will read a toxic post from the internet and tell us whether the provided explanation accurately explains why it's toxic","hate, bias, text, evaluation, NLP, toxicity, moderation, explanation","$0.05","Wed Mar 22 12:42:51 PDT 2023","1","BatchId:5039238;OriginalHitTemplateId:928390828;","3600","259200","Wed Mar 29 12:42:51 PDT 2023","","","3A0EX8ZRNMM369YFVOLWCAXGEDYYBR","A1198W1SPF1R4","Submitted","Wed Mar 22 13:41:50 PDT 2023","Wed Mar 22 13:56:17 PDT 2023","Sat Mar 25 13:56:17 PDT 2023","","","","867","100% (473/473)","100% (371/371)","100% (61/61)","How did the Jews react when WW II was over? They were so gassed","[""jewish folks""]","The Jews were so gassed during World War II that they became known as the ""Gassed Jews","text-babbage-001","sbic","This sentence communicates the stereotype that Jews are insensitive and make light of the Holocaust","chatgpt","The Jews were stereotype that they would react with anger and revenge when the war ended","text-ada-001","The stereotype that this sentence communicates is that Jews are overjoyed when wars are over","text-davinci-001","[""jewish folks got gassed"", ""jewish people jokes about the haulocost"", ""jewish people were all thrilled."", ""jewish people were happy during ww2."", ""jewish people were massacred"", ""jewish people were put into gas chambers""]","","rank_2","rank_4","rank_1","rank_3","false","false","true","false","false"
"3ZRKL6Z1FL1ZFKXNM2GJ7F4N16NSGO","3W9SL2918SYKE6J9V0NUMD3LSHQBZY","Evaluation: Social Bias Frames (WARNING: This HIT may contain adult content. Worker discretion is advised.)","You will read a toxic post from the internet and tell us whether the provided explanation accurately explains why it's toxic","hate, bias, text, evaluation, NLP, toxicity, moderation, explanation","$0.05","Wed Mar 22 12:42:52 PDT 2023","1","BatchId:5039238;OriginalHitTemplateId:928390828;","3600","259200","Wed Mar 29 12:42:52 PDT 2023","","","3X31TUMD7BKITC9OAC3HCQIBJML1L1","A1198W1SPF1R4","Submitted","Wed Mar 22 13:43:53 PDT 2023","Wed Mar 22 14:05:41 PDT 2023","Sat Mar 25 14:05:41 PDT 2023","","","","1308","100% (473/473)","100% (371/371)","100% (61/61)","If I had a dollar for every gender there is... I would have $1.74 because women make less","[""women""]","Women are undervalued and underpaid compared to men","text-davinci-003","sbic","make less","human","women make less","flan-t5-xl","women","flan-t5-large","[""make less"", ""not a full person"", ""women are not equal to men"", ""women are not worth as much as men"", ""women make less than equal male counterparts"", ""women should make less than men""]","","rank_1","rank_3","rank_2","rank_4","false","false","false","true","false"
"35YHTYFL2T19TCIW5DF60HOIZVHVFX","3W9SL2918SYKE6J9V0NUMD3LSHQBZY","Evaluation: Social Bias Frames (WARNING: This HIT may contain adult content. Worker discretion is advised.)","You will read a toxic post from the internet and tell us whether the provided explanation accurately explains why it's toxic","hate, bias, text, evaluation, NLP, toxicity, moderation, explanation","$0.05","Wed Mar 22 12:42:52 PDT 2023","1","BatchId:5039238;OriginalHitTemplateId:928390828;","3600","259200","Wed Mar 29 12:42:52 PDT 2023","","","324G5B4FBH6J72Z4AZY7FGH0JAA70V","A214E9TT8SJFBG","Submitted","Wed Mar 22 13:44:02 PDT 2023","Wed Mar 22 13:53:34 PDT 2023","Sat Mar 25 13:53:34 PDT 2023","","","","572","0% (0/0)","0% (0/0)","0% (0/0)","Don't pick that up, you're a girl.  Let one of the boys do that.","[""women""]","boys are strong","flan-t5-xxl","sbic","women are inferior","human","girls should let boys do things for them","human","girls can't do things boys can","human","[""girls can't do things boys can"", ""girls should let boys do things for them"", ""women are inferior"", ""women are weak""]","WELL","rank_1","rank_2","rank_3","rank_4","true","false","false","false","false"
"31YWE12TFDAOI88LN9IC0A8MHI6X7Y","3W9SL2918SYKE6J9V0NUMD3LSHQBZY","Evaluation: Social Bias Frames (WARNING: This HIT may contain adult content. Worker discretion is advised.)","You will read a toxic post from the internet and tell us whether the provided explanation accurately explains why it's toxic","hate, bias, text, evaluation, NLP, toxicity, moderation, explanation","$0.05","Wed Mar 22 12:42:52 PDT 2023","1","BatchId:5039238;OriginalHitTemplateId:928390828;","3600","259200","Wed Mar 29 12:42:52 PDT 2023","","","3EG49X3518A80SRAU1IMIG4FY6B6XQ","AZ1DD8SXABVY1","Submitted","Wed Mar 22 13:44:00 PDT 2023","Wed Mar 22 14:36:02 PDT 2023","Sat Mar 25 14:36:02 PDT 2023","","","","3122","100% (1/1)","100% (1/1)","100% (1/1)","Secret Language During the holocaust the Jews had a secret language they used to speak... it went something like this, ""OH MY GOD! I'M BURNING ALIVE""","[""jewish folks"", ""terrorism victims""]","The sentence communicates that the Jews are in danger and that they need help","text-babbage-001","sbic","Jewish","flan-t5-large","jews are lesser","human","jews should be burned","human","[""all jews were killed"", ""jewish people are weak"", ""jewish people deserved the holocaust"", ""jews are lesser"", ""jews should be burned"", ""jews were considered bad"", ""trivializes harm to victims""]","","rank_1","rank_2","rank_3","rank_4","false","false","false","true","false"
"3R16PJFTTGPLFLRVMS5G74GAU71K4C","3W9SL2918SYKE6J9V0NUMD3LSHQBZY","Evaluation: Social Bias Frames (WARNING: This HIT may contain adult content. Worker discretion is advised.)","You will read a toxic post from the internet and tell us whether the provided explanation accurately explains why it's toxic","hate, bias, text, evaluation, NLP, toxicity, moderation, explanation","$0.05","Wed Mar 22 12:42:52 PDT 2023","1","BatchId:5039238;OriginalHitTemplateId:928390828;","3600","259200","Wed Mar 29 12:42:52 PDT 2023","","","3TDXMTX3CPSBAX2FVFILF6H0ATQI6L","A1198W1SPF1R4","Submitted","Wed Mar 22 13:19:54 PDT 2023","Wed Mar 22 13:29:38 PDT 2023","Sat Mar 25 13:29:38 PDT 2023","","","","584","100% (473/473)","100% (371/371)","100% (61/61)","What do you call a black person on top of a church? Holy shit","[""black folks""]","A black person on top of a church is called a ""bishop","text-babbage-001","sbic","This sentence communicates the stereotype that black people are associated with negative and offensive humor","chatgpt"," Holy shit, this sentence is a stereotype that black people are on top of churches","text-ada-001","Black people are often associated with being religious, so this sentence is using that stereotype to communicate that the person on top of the church is in a lot of trouble","text-davinci-001","[""black folks are dirty"", ""black folks are disgusting"", ""black people are criminals"", ""black people are lazy"", ""black people are less than human"", ""blacks are worthless""]","","rank_4","rank_2","rank_3","rank_1","false","false","false","false","true"
"32ZCLEW0CCICTU7W2RXS9NRS6EXPJ9","3W9SL2918SYKE6J9V0NUMD3LSHQBZY","Evaluation: Social Bias Frames (WARNING: This HIT may contain adult content. Worker discretion is advised.)","You will read a toxic post from the internet and tell us whether the provided explanation accurately explains why it's toxic","hate, bias, text, evaluation, NLP, toxicity, moderation, explanation","$0.05","Wed Mar 22 12:42:52 PDT 2023","1","BatchId:5039238;OriginalHitTemplateId:928390828;","3600","259200","Wed Mar 29 12:42:52 PDT 2023","","","3OS46CRSLTXGW3MFUMH4UV7UIV36VN","A1198W1SPF1R4","Submitted","Wed Mar 22 13:43:59 PDT 2023","Wed Mar 22 14:07:25 PDT 2023","Sat Mar 25 14:07:25 PDT 2023","","","","1406","100% (473/473)","100% (371/371)","100% (61/61)","i think i need to find a new girlfriend she is starting to learn to talk now","[""assault victims"", ""babies""]","The stereotype communicated by this sentence is that people who are starting to talk are not yet ready for a serious relationship","text-curie-001","sbic","The stereotype that this sentence communicates is that the person the speaker is talking to is not very intelligent","text-babbage-001","The stereotype that this sentence communicates is that group members are starting to learn to talk","text-ada-001","[GROUP] are young","flan-ul2","[""it's okay if babies are raped."", ""molesting babies is funny."", ""trivializes harm to victims""]","","rank_1","rank_3","rank_2","rank_4","false","false","true","false","false"
"39I4RL8QHWFUDVQNG72JUC0I2QY4HT","3W9SL2918SYKE6J9V0NUMD3LSHQBZY","Evaluation: Social Bias Frames (WARNING: This HIT may contain adult content. Worker discretion is advised.)","You will read a toxic post from the internet and tell us whether the provided explanation accurately explains why it's toxic","hate, bias, text, evaluation, NLP, toxicity, moderation, explanation","$0.05","Wed Mar 22 12:42:52 PDT 2023","1","BatchId:5039238;OriginalHitTemplateId:928390828;","3600","259200","Wed Mar 29 12:42:52 PDT 2023","","","3907X2AHFE3F9I6IL8W2YQ10G102PF","A1O9PMTIIVGDEW","Submitted","Wed Mar 22 12:42:52 PDT 2023","Wed Mar 22 12:44:24 PDT 2023","Sat Mar 25 12:44:24 PDT 2023","","","","92","0% (0/0)","0% (0/0)","0% (0/0)","Do regular cats see black cats and be like ""Look! Niggers!""","[""black folks""]","being black is wrong","human","sbic","The stereotype that this sentence communicates is that black cats are associated with bad luck","text-curie-001","black people are inferior","human","refers to black people as niggers","human","[""are niggers"", ""being black is wrong"", ""black people are inferior"", ""black people are weird"", ""is inherently bad"", ""refers to black people as niggers""]","","rank_3","rank_4","rank_2","rank_1","false","false","true","false","false"
"3GONHBMNI8WW86FNSX8MGDLNK7ZZM8","3W9SL2918SYKE6J9V0NUMD3LSHQBZY","Evaluation: Social Bias Frames (WARNING: This HIT may contain adult content. Worker discretion is advised.)","You will read a toxic post from the internet and tell us whether the provided explanation accurately explains why it's toxic","hate, bias, text, evaluation, NLP, toxicity, moderation, explanation","$0.05","Wed Mar 22 12:42:52 PDT 2023","1","BatchId:5039238;OriginalHitTemplateId:928390828;","3600","259200","Wed Mar 29 12:42:52 PDT 2023","","","3180JW2OTIABM4M78ETGZ1I0RCL5JJ","A1JFKVKNBIW3UM","Submitted","Wed Mar 22 12:42:57 PDT 2023","Wed Mar 22 12:51:52 PDT 2023","Sat Mar 25 12:51:52 PDT 2023","","","","535","0% (0/0)","0% (0/0)","0% (0/0)","I'm not racist Because racism is a crime, and crime is only for black people","[""black folks""]","black people are criminals","baseline","sbic","Black people are commonly associated with criminal behavior and are unfairly targeted for it","chatgpt","The stereotype that this sentence communicates is that black people are criminals","text-babbage-001","racist","flan-t5-base","[""are criminals"", ""black folks are criminals."", ""black folks do most of the crime."", ""commit crimes""]","good","rank_1","rank_2","rank_4","rank_3","false","false","false","false","true"
"3DIIW4IV92TU9Q17MPK4UO1X23D4IM","3W9SL2918SYKE6J9V0NUMD3LSHQBZY","Evaluation: Social Bias Frames (WARNING: This HIT may contain adult content. Worker discretion is advised.)","You will read a toxic post from the internet and tell us whether the provided explanation accurately explains why it's toxic","hate, bias, text, evaluation, NLP, toxicity, moderation, explanation","$0.05","Wed Mar 22 12:42:52 PDT 2023","1","BatchId:5039238;OriginalHitTemplateId:928390828;","3600","259200","Wed Mar 29 12:42:52 PDT 2023","","","34PGFRQON295ZN1R4FGPP1VDBALWJP","A30DHHAL100LZR","Submitted","Wed Mar 22 14:18:18 PDT 2023","Wed Mar 22 14:20:58 PDT 2023","Sat Mar 25 14:20:58 PDT 2023","","","","160","0% (0/0)","0% (0/0)","0% (0/0)","This disgusting negro makes us ( white people ) look bad .","[""black folks""]","black folks are inferior to whites","human","sbic","black people make white people look bad","human","black folks are negroes","human","This sentence communicates the stereotype that black people are dirty and smelly","text-curie-001","[""black folks are disgusting"", ""black folks are inferior to whites"", ""black folks are negroes"", ""black people are disgusting."", ""black people are no good"", ""black people make white people look bad"", ""black people make white people look bad.""]","","rank_3","rank_4","rank_2","rank_1","false","false","false","false","true"